True_Label,Predicted_Label,Probability
0.0,0,0.061267994
1.0,1,0.7422989
1.0,1,0.7219508
0.0,0,0.05346179
1.0,0,0.3560097
1.0,1,0.77015465
0.0,1,0.6961602
0.0,1,0.7387912
0.0,1,0.60827816
1.0,0,0.14997505
1.0,1,0.80045664
0.0,1,0.56001776
1.0,1,0.8370685
0.0,0,0.36812687
0.0,1,0.7915977
1.0,0,0.37164152
1.0,1,0.89356065
1.0,1,0.91532475
0.0,0,0.22244228
1.0,1,0.5235166
0.0,1,0.7047241
0.0,1,0.7119332
1.0,0,0.0998533
0.0,0,0.0883252
0.0,1,0.57948434
0.0,0,0.059033383
1.0,0,0.10649051
1.0,1,0.80859405
1.0,1,0.8243436
1.0,1,0.88477534
1.0,1,0.8624951
1.0,0,0.48416644
1.0,1,0.79385376
1.0,1,0.7381935
0.0,0,0.061040193
0.0,1,0.8281634
0.0,1,0.76183933
1.0,1,0.7297632
1.0,1,0.84616363
1.0,1,0.89598
1.0,1,0.9253039
1.0,0,0.38217276
1.0,1,0.8446743
1.0,1,0.8319802
1.0,0,0.27619857
1.0,1,0.8350813
0.0,1,0.62833774
0.0,0,0.46690574
1.0,1,0.9194457
1.0,0,0.45224068
1.0,1,0.55965215
1.0,1,0.8843399
0.0,0,0.38540617
1.0,1,0.80493784
1.0,1,0.91294026
1.0,1,0.91882944
0.0,0,0.44797492
1.0,1,0.89222276
0.0,0,0.37648228
0.0,0,0.091578275
0.0,0,0.45991763
1.0,1,0.7648005
1.0,1,0.7253349
1.0,1,0.7908564
1.0,1,0.8586
0.0,1,0.5897851
0.0,0,0.11596348
1.0,1,0.67496246
1.0,1,0.84737694
1.0,1,0.5916415
1.0,1,0.5033519
0.0,1,0.81009954
0.0,1,0.65965515
0.0,0,0.37467316
1.0,1,0.91673756
1.0,1,0.9244991
0.0,0,0.2129505
0.0,0,0.05701634
1.0,0,0.38817972
1.0,1,0.6795135
1.0,1,0.9232721
1.0,1,0.79899716
1.0,1,0.6862166
1.0,1,0.850349
1.0,1,0.56771415
0.0,0,0.29729846
0.0,0,0.0772377
1.0,0,0.10038765
1.0,1,0.7576862
1.0,1,0.8951944
0.0,0,0.09904811
0.0,0,0.06916612
1.0,1,0.64639324
1.0,1,0.7805169
1.0,1,0.7016373
0.0,1,0.9243102
1.0,1,0.69527584
1.0,0,0.09557976
1.0,1,0.7737261
0.0,0,0.28683227
0.0,1,0.75260246
1.0,1,0.83189946
1.0,1,0.71794605
1.0,1,0.9211183
1.0,0,0.4338677
1.0,0,0.120895274
0.0,0,0.21082617
1.0,1,0.5087195
0.0,0,0.27057764
1.0,1,0.883743
1.0,1,0.8825679
1.0,0,0.4351567
1.0,0,0.18679374
0.0,0,0.07178431
1.0,1,0.9128716
1.0,1,0.83500165
0.0,1,0.7737508
1.0,1,0.8295082
0.0,1,0.89407647
1.0,1,0.86618763
0.0,0,0.10674302
1.0,1,0.91459256
0.0,1,0.7924306
0.0,0,0.16171774
0.0,1,0.53133273
1.0,1,0.8565711
1.0,1,0.9067596
1.0,1,0.8899568
1.0,1,0.73126626
0.0,1,0.53138006
1.0,1,0.91097593
1.0,1,0.8746674
0.0,0,0.054946527
0.0,0,0.14839858
0.0,1,0.518295
1.0,1,0.8470829
1.0,1,0.88952345
0.0,0,0.0646384
0.0,0,0.0865991
0.0,0,0.3759346
0.0,1,0.7954422
1.0,1,0.8788759
0.0,1,0.6702298
0.0,0,0.1820406
1.0,1,0.79392624
1.0,1,0.8372004
0.0,1,0.8939541
1.0,1,0.92753154
1.0,1,0.8736185
0.0,0,0.1912285
0.0,1,0.81347144
0.0,1,0.88367486
1.0,1,0.8425399
0.0,1,0.8351351
1.0,0,0.2337118
1.0,0,0.43885285
0.0,1,0.7774555
0.0,1,0.8864889
1.0,1,0.8782233
1.0,1,0.54865634
1.0,1,0.77255136
1.0,1,0.9025787
1.0,1,0.8934262
0.0,1,0.85073715
1.0,0,0.39321896
0.0,0,0.18229423
1.0,1,0.5738002
0.0,1,0.6051638
0.0,1,0.6730754
1.0,1,0.7054261
1.0,1,0.7612772
1.0,1,0.6961679
1.0,1,0.8195219
0.0,0,0.14711729
1.0,1,0.8530905
1.0,1,0.9038042
1.0,1,0.8652673
0.0,0,0.18859829
1.0,1,0.8017992
1.0,1,0.8865646
0.0,0,0.21617551
1.0,0,0.16900314
1.0,1,0.6869596
0.0,0,0.19554465
1.0,1,0.6986437
0.0,0,0.06497018
1.0,1,0.9025125
0.0,0,0.3057868
1.0,1,0.5276165
0.0,0,0.09269091
1.0,1,0.77523965
1.0,1,0.5347537
1.0,1,0.92369455
1.0,1,0.7392585
1.0,0,0.48937717
0.0,0,0.38604748
1.0,1,0.89949256
0.0,1,0.6970174
0.0,0,0.24294244
1.0,0,0.4578876
1.0,1,0.9104529
1.0,1,0.8807116
1.0,0,0.49679253
0.0,1,0.7136203
1.0,1,0.7473209
1.0,1,0.8550099
0.0,0,0.05553758
1.0,1,0.7959537
0.0,0,0.058300517
1.0,1,0.92449605
0.0,1,0.645684
0.0,1,0.61257666
1.0,1,0.7804716
1.0,0,0.46840212
0.0,0,0.17845352
0.0,1,0.82994175
1.0,1,0.6420103
0.0,0,0.09207004
1.0,0,0.4504253
1.0,1,0.50802207
1.0,1,0.8449114
0.0,1,0.5968762
1.0,0,0.42773172
1.0,1,0.8338876
0.0,1,0.8881247
0.0,1,0.8504849
1.0,1,0.837106
1.0,1,0.84054035
1.0,0,0.27563888
1.0,1,0.90973914
1.0,1,0.5258178
1.0,1,0.9030723
0.0,0,0.09763677
0.0,0,0.06299737
1.0,1,0.70658165
0.0,0,0.086803496
0.0,0,0.06666712
1.0,1,0.8032498
1.0,1,0.9096099
1.0,1,0.77099293
1.0,1,0.9143117
1.0,1,0.89330184
1.0,1,0.85745287
1.0,1,0.7134533
0.0,1,0.7635083
1.0,1,0.5248825
1.0,1,0.8521707
1.0,0,0.39706942
1.0,1,0.63841635
1.0,1,0.898146
0.0,1,0.8699413
1.0,1,0.91827077
1.0,1,0.85094035
0.0,0,0.14677265
0.0,1,0.61910033
0.0,0,0.0602654
1.0,1,0.62918645
1.0,1,0.7206572
0.0,0,0.19887498
0.0,0,0.13669023
0.0,0,0.4694983
0.0,0,0.103006095
1.0,0,0.13258985
0.0,1,0.8550411
1.0,1,0.8319527
0.0,0,0.09157135
1.0,1,0.8632116
1.0,0,0.119369395
1.0,0,0.4625579
1.0,1,0.9269479
1.0,1,0.93046135
0.0,1,0.6741875
1.0,1,0.51800185
1.0,1,0.7107013
1.0,1,0.8443324
0.0,0,0.069551356
0.0,0,0.38759518
0.0,0,0.24103746
1.0,0,0.24376549
1.0,0,0.4828516
1.0,1,0.81713015
0.0,1,0.6494158
1.0,1,0.71247005
1.0,1,0.8312648
0.0,1,0.9082375
1.0,1,0.9132475
1.0,1,0.77221966
0.0,0,0.2225529
1.0,1,0.52899134
0.0,0,0.06024529
1.0,0,0.0785851
1.0,0,0.11537685
1.0,1,0.74461734
0.0,1,0.6648118
0.0,0,0.1396501
0.0,0,0.31192642
0.0,0,0.088803604
0.0,0,0.05170807
0.0,0,0.27829143
0.0,1,0.8653619
0.0,1,0.6043163
1.0,0,0.06725494
0.0,1,0.5228506
1.0,1,0.5752469
1.0,0,0.4105441
1.0,1,0.8657478
1.0,0,0.43678555
1.0,1,0.88932973
1.0,0,0.4530951
1.0,1,0.8520797
0.0,0,0.4824235
0.0,0,0.3913225
1.0,1,0.90503585
1.0,1,0.88189656
0.0,1,0.58022064
1.0,1,0.570065
1.0,1,0.50968206
1.0,1,0.6327202
1.0,0,0.22381979
0.0,0,0.11247142
1.0,1,0.6793968
1.0,1,0.9227479
1.0,1,0.75902724
0.0,1,0.79848754
0.0,1,0.5432029
0.0,0,0.064148374
0.0,0,0.052541897
0.0,1,0.82389426
0.0,1,0.71175426
0.0,0,0.4787135
0.0,0,0.2568199
0.0,1,0.7774344
1.0,1,0.8292808
1.0,0,0.49885216
1.0,0,0.42737365
1.0,1,0.819224
0.0,0,0.42958853
0.0,0,0.4821059
0.0,0,0.057128634
1.0,1,0.6327546
1.0,1,0.9079884
1.0,1,0.8397659
1.0,1,0.8905744
1.0,0,0.053713
0.0,0,0.3216832
1.0,1,0.8263992
0.0,0,0.11685494
1.0,1,0.87396646
0.0,0,0.15229248
0.0,1,0.83388084
1.0,1,0.82220227
0.0,0,0.05506054
1.0,1,0.7411579
1.0,1,0.54035145
1.0,1,0.8805754
1.0,1,0.5614758
1.0,1,0.9296679
1.0,0,0.26313853
1.0,0,0.09100113
1.0,0,0.35062063
1.0,1,0.90711486
1.0,1,0.6866032
1.0,1,0.6866739
1.0,1,0.8696771
1.0,1,0.8983373
1.0,1,0.6246919
0.0,1,0.86412805
1.0,0,0.45170382
0.0,0,0.20284446
0.0,0,0.07730512
1.0,0,0.17492169
1.0,1,0.58364123
1.0,1,0.5169555
0.0,0,0.39648822
1.0,1,0.85499865
0.0,0,0.056968
0.0,1,0.6830718
1.0,0,0.11276823
0.0,1,0.9071538
0.0,0,0.12830919
1.0,1,0.83198035
0.0,1,0.86725813
1.0,1,0.7006112
0.0,0,0.080964446
0.0,0,0.0738289
1.0,1,0.78438026
0.0,0,0.08136622
0.0,0,0.10897332
1.0,1,0.9270694
1.0,1,0.86139464
1.0,1,0.68956673
1.0,0,0.47250456
1.0,1,0.7550486
1.0,1,0.9027482
1.0,1,0.8038664
1.0,1,0.92686754
0.0,0,0.30143327
0.0,1,0.6251117
0.0,0,0.08148656
0.0,1,0.7344184
0.0,1,0.63035834
0.0,1,0.7423322
1.0,1,0.9167455
0.0,1,0.8355825
1.0,1,0.7227784
1.0,1,0.75844514
1.0,1,0.8984128
1.0,1,0.92067736
0.0,1,0.89382637
1.0,1,0.59002525
1.0,1,0.91978604
0.0,1,0.8878041
0.0,1,0.7774336
0.0,0,0.15768026
0.0,0,0.096216105
1.0,1,0.8987
1.0,0,0.11068451
1.0,1,0.84630865
0.0,1,0.8833374
0.0,1,0.75364345
1.0,1,0.8033552
1.0,0,0.14703329
1.0,1,0.8895405
1.0,1,0.5892995
0.0,1,0.7694439
1.0,1,0.9198509
0.0,1,0.5338623
1.0,1,0.8157303
1.0,0,0.37680617
1.0,1,0.55094665
0.0,0,0.10893636
0.0,0,0.40666556
1.0,1,0.71748686
1.0,1,0.7660947
1.0,1,0.862653
0.0,0,0.071363784
0.0,1,0.7429636
1.0,1,0.68435043
1.0,1,0.5134013
1.0,1,0.88979995
1.0,1,0.63821507
0.0,1,0.5163324
1.0,1,0.92613184
1.0,1,0.9271819
0.0,0,0.4018739
0.0,1,0.51763284
0.0,1,0.56424487
0.0,0,0.115324475
1.0,1,0.76952577
0.0,0,0.06398583
0.0,0,0.056460742
0.0,1,0.696432
1.0,1,0.8781147
0.0,0,0.107516155
0.0,0,0.16943575
1.0,1,0.77962583
0.0,0,0.21420069
0.0,0,0.12125336
0.0,1,0.891632
0.0,0,0.12872332
1.0,0,0.055829033
1.0,1,0.6765385
1.0,1,0.73343104
0.0,1,0.56911665
0.0,0,0.0605192
1.0,1,0.7940372
1.0,1,0.8460558
1.0,1,0.91777074
1.0,1,0.9243978
1.0,0,0.40909445
0.0,0,0.08898978
0.0,0,0.06229206
1.0,1,0.7168149
1.0,1,0.9219976
1.0,1,0.9145004
1.0,1,0.6832963
1.0,1,0.8248339
1.0,1,0.64349324
1.0,1,0.9125105
0.0,0,0.32999444
0.0,1,0.55467016
1.0,1,0.58927387
1.0,1,0.62127686
1.0,1,0.86428416
1.0,1,0.8088555
1.0,1,0.7322462
1.0,1,0.91532373
0.0,0,0.32400277
0.0,1,0.8824622
1.0,1,0.90709966
1.0,1,0.8192272
0.0,0,0.39021885
0.0,0,0.05325339
0.0,0,0.23878539
0.0,0,0.053678732
1.0,1,0.91677123
0.0,0,0.08068663
0.0,1,0.8272679
0.0,1,0.8852091
1.0,1,0.8649415
1.0,1,0.8167208
1.0,1,0.81931084
1.0,0,0.44913915
0.0,1,0.8217624
0.0,0,0.12790552
1.0,1,0.81926775
1.0,1,0.92068404
1.0,0,0.1006287
0.0,0,0.30915987
1.0,0,0.4554603
1.0,1,0.79641634
0.0,0,0.06667184
0.0,0,0.073662944
1.0,0,0.13615464
1.0,0,0.41818863
1.0,1,0.77533853
1.0,0,0.31754813
0.0,0,0.23518506
0.0,1,0.6477727
1.0,1,0.88018674
0.0,0,0.053041656
1.0,1,0.54380053
0.0,0,0.49194703
1.0,1,0.9118484
0.0,0,0.053780325
1.0,1,0.9093123
1.0,1,0.9098033
1.0,1,0.87022436
1.0,0,0.15348057
1.0,1,0.84435636
1.0,1,0.88472176
1.0,1,0.6631187
1.0,1,0.8676534
0.0,1,0.79794234
1.0,1,0.65390617
0.0,0,0.11257916
1.0,1,0.77805096
1.0,1,0.84799063
1.0,1,0.7954254
1.0,1,0.85990906
1.0,1,0.92596483
1.0,0,0.2919001
1.0,1,0.83816034
1.0,1,0.6879577
0.0,0,0.052379306
1.0,1,0.81301534
1.0,1,0.738536
1.0,1,0.83249646
1.0,1,0.7605737
1.0,1,0.8961557
0.0,0,0.049531963
0.0,1,0.7578367
1.0,1,0.90537506
0.0,1,0.72780806
0.0,0,0.076038286
1.0,1,0.865184
0.0,1,0.77698356
0.0,1,0.7231024
0.0,0,0.053752147
1.0,1,0.888346
0.0,0,0.11401184
0.0,0,0.4553793
0.0,0,0.05285923
1.0,1,0.90580523
0.0,1,0.77927655
0.0,1,0.73905456
1.0,1,0.72051316
0.0,0,0.071993984
0.0,1,0.78555095
1.0,1,0.9088163
0.0,0,0.10861452
1.0,0,0.3326412
1.0,0,0.45237702
1.0,1,0.8776274
1.0,1,0.8737064
0.0,1,0.68350774
0.0,0,0.34447652
0.0,0,0.052368112
1.0,0,0.4778289
0.0,0,0.052566182
1.0,1,0.9276583
1.0,1,0.821987
1.0,1,0.86740994
0.0,1,0.8246671
1.0,1,0.8898741
1.0,1,0.7146385
1.0,1,0.8872364
1.0,1,0.75666136
1.0,0,0.3570865
1.0,1,0.9022112
1.0,0,0.22915477
0.0,0,0.25402164
1.0,1,0.9294103
0.0,0,0.14280996
1.0,1,0.8701975
1.0,0,0.46319818
1.0,1,0.8761902
0.0,1,0.8731198
1.0,1,0.73361427
1.0,0,0.3719146
1.0,1,0.69658566
1.0,1,0.644631
1.0,0,0.15729877
0.0,0,0.051805783
1.0,1,0.7222151
1.0,1,0.8708156
0.0,0,0.37693802
1.0,1,0.8518003
1.0,1,0.82483333
1.0,1,0.905517
1.0,1,0.6426846
1.0,1,0.83276063
1.0,1,0.9290931
1.0,1,0.8309216
0.0,0,0.04971558
1.0,0,0.0813233
1.0,1,0.88733286
1.0,1,0.679822
1.0,1,0.7363065
0.0,1,0.5985607
1.0,0,0.06031815
0.0,0,0.08525661
1.0,1,0.8287868
1.0,0,0.06744867
1.0,1,0.7953772
0.0,0,0.39220828
1.0,1,0.9012199
1.0,1,0.8230459
0.0,1,0.7764195
0.0,1,0.86087865
0.0,0,0.18924212
1.0,1,0.9007287
0.0,0,0.3292354
1.0,1,0.9075087
1.0,1,0.916893
1.0,1,0.8836183
1.0,0,0.058280952
1.0,1,0.7922495
1.0,1,0.8238963
1.0,1,0.8434347
1.0,1,0.7676738
1.0,1,0.8740053
1.0,1,0.5473646
0.0,0,0.17512976
0.0,0,0.14690973
1.0,1,0.84152776
1.0,1,0.8442693
1.0,0,0.060778424
1.0,1,0.58488774
0.0,1,0.59001553
0.0,0,0.3217815
1.0,1,0.67350733
1.0,0,0.4636461
0.0,0,0.09824505
0.0,0,0.38681015
1.0,1,0.9126562
1.0,1,0.69579864
0.0,1,0.7244119
1.0,0,0.13664687
0.0,0,0.18278053
1.0,1,0.8591779
1.0,1,0.6247064
0.0,0,0.10061131
1.0,1,0.8501431
1.0,0,0.43470702
0.0,0,0.093512416
1.0,0,0.22138281
1.0,0,0.4935898
1.0,0,0.177799
0.0,0,0.075377025
1.0,1,0.7801942
0.0,1,0.65347165
1.0,1,0.6279973
1.0,1,0.50768274
1.0,1,0.6623093
1.0,1,0.7955305
0.0,1,0.8334083
1.0,1,0.8758411
1.0,0,0.41949677
1.0,1,0.8482466
0.0,1,0.84287065
0.0,1,0.55219454
1.0,1,0.74866074
1.0,1,0.8486256
1.0,1,0.8264045
1.0,0,0.05915514
0.0,1,0.6280012
0.0,0,0.05204546
0.0,1,0.898311
1.0,1,0.91949356
0.0,0,0.4806118
1.0,1,0.6862382
1.0,1,0.8706676
1.0,1,0.87492275
0.0,1,0.914235
0.0,0,0.08648869
1.0,1,0.8711957
0.0,0,0.08242974
1.0,0,0.23128648
1.0,0,0.3361499
0.0,1,0.5700914
1.0,0,0.11746779
1.0,1,0.5649385
0.0,0,0.18754686
1.0,1,0.8870685
0.0,0,0.11113391
1.0,0,0.38592267
1.0,1,0.80172414
0.0,1,0.8800023
1.0,1,0.6752986
0.0,0,0.10882906
0.0,0,0.09836598
0.0,1,0.89965576
1.0,1,0.8573332
1.0,1,0.9045238
0.0,0,0.17606995
0.0,1,0.5219883
1.0,1,0.68351996
1.0,1,0.7980744
0.0,0,0.23129784
1.0,1,0.6888721
1.0,1,0.5730205
0.0,1,0.7597112
1.0,1,0.6962157
0.0,1,0.5820108
1.0,1,0.5845966
1.0,1,0.5538963
0.0,0,0.14040887
1.0,1,0.9232177
0.0,1,0.692891
1.0,1,0.8967469
1.0,1,0.74821997
1.0,1,0.83196175
1.0,1,0.92818177
1.0,1,0.8832254
0.0,0,0.06432278
0.0,0,0.07554819
0.0,1,0.8528886
1.0,1,0.91862655
0.0,0,0.26826185
1.0,1,0.8263774
1.0,1,0.91082084
1.0,1,0.8075399
1.0,1,0.8402358
0.0,1,0.5595832
1.0,1,0.8193807
0.0,0,0.17897673
0.0,0,0.39583695
1.0,1,0.9290924
0.0,1,0.82022876
0.0,0,0.059448652
1.0,1,0.81926954
1.0,1,0.6131194
1.0,1,0.9194343
0.0,0,0.11678671
1.0,1,0.68349475
1.0,1,0.6420976
0.0,0,0.18655132
1.0,1,0.84647256
0.0,1,0.6829668
0.0,0,0.050376885
1.0,1,0.92774326
0.0,1,0.72587025
1.0,1,0.7745509
1.0,1,0.6429019
1.0,1,0.6837555
1.0,1,0.90305746
1.0,1,0.82147855
0.0,1,0.5782528
1.0,1,0.7660773
0.0,0,0.37138164
0.0,0,0.1029814
1.0,1,0.79203355
0.0,0,0.066019505
1.0,0,0.17943774
1.0,1,0.806638
1.0,1,0.7574536
1.0,0,0.41872865
1.0,1,0.6695697
1.0,1,0.81512976
1.0,1,0.9227214
1.0,1,0.6067034
1.0,1,0.829077
1.0,0,0.46279058
1.0,1,0.88471484
0.0,1,0.81982285
1.0,0,0.18281607
0.0,1,0.83814335
0.0,0,0.26942724
0.0,1,0.50622
0.0,1,0.82171255
0.0,0,0.47011995
1.0,1,0.73696715
1.0,1,0.8589216
1.0,1,0.85962045
1.0,1,0.91232944
0.0,0,0.088621825
0.0,0,0.15391064
0.0,1,0.8954959
0.0,1,0.7996516
0.0,1,0.5683946
1.0,1,0.87609136
1.0,1,0.891838
1.0,1,0.7970214
0.0,0,0.45803797
1.0,1,0.8092163
1.0,1,0.8450745
1.0,1,0.8816815
1.0,1,0.63983756
0.0,1,0.87800175
1.0,1,0.5063143
0.0,1,0.8015837
1.0,1,0.91486067
0.0,0,0.059491917
1.0,0,0.09618134
1.0,1,0.885725
1.0,1,0.7835212
0.0,0,0.20336145
1.0,0,0.3127036
0.0,0,0.33020177
1.0,1,0.9201724
1.0,1,0.9267673
0.0,1,0.85310525
0.0,0,0.27221894
1.0,1,0.91563916
0.0,1,0.6682434
0.0,0,0.46070415
1.0,1,0.6504366
1.0,0,0.38015804
1.0,1,0.8639455
1.0,1,0.6635612
1.0,1,0.854364
1.0,0,0.28258994
0.0,0,0.43362924
1.0,1,0.89777213
1.0,1,0.8074039
1.0,1,0.90873253
1.0,1,0.926263
0.0,0,0.17074387
1.0,1,0.868521
1.0,1,0.8697624
0.0,1,0.685676
1.0,1,0.9041658
0.0,1,0.8123226
1.0,1,0.7953404
1.0,1,0.86379725
0.0,0,0.16066174
1.0,1,0.7996444
1.0,0,0.2648865
0.0,0,0.13499701
0.0,1,0.81316686
1.0,1,0.71539813
0.0,0,0.39695135
1.0,1,0.50208735
0.0,0,0.083621085
1.0,1,0.63091356
1.0,1,0.8892315
0.0,1,0.6127452
1.0,1,0.6885142
1.0,1,0.87682956
1.0,0,0.29900432
1.0,1,0.88613147
0.0,1,0.73587435
1.0,1,0.89902395
1.0,0,0.26032674
0.0,1,0.5716915
0.0,0,0.06866852
1.0,1,0.9295375
1.0,1,0.8299319
0.0,0,0.30607718
1.0,1,0.5213771
1.0,1,0.88497823
1.0,1,0.5591128
1.0,1,0.5083878
0.0,1,0.8527595
0.0,0,0.39402285
0.0,0,0.06477104
0.0,1,0.9019289
0.0,1,0.5470247
1.0,1,0.7220809
0.0,0,0.059203934
1.0,1,0.89277685
1.0,1,0.6315161
0.0,1,0.87771076
1.0,0,0.2257645
1.0,1,0.55534375
0.0,0,0.051774055
1.0,1,0.85680425
1.0,0,0.08834959
1.0,1,0.8057094
1.0,1,0.8851018
1.0,0,0.05700505
0.0,0,0.115642704
1.0,1,0.53614116
1.0,1,0.83442837
1.0,1,0.6362347
0.0,1,0.8838055
0.0,0,0.42438313
1.0,0,0.06677156
0.0,0,0.15700112
1.0,1,0.8223573
0.0,0,0.07704592
1.0,1,0.74827784
1.0,1,0.58559316
0.0,1,0.6927764
1.0,0,0.42867827
1.0,1,0.91588527
1.0,0,0.07379068
0.0,0,0.4127414
1.0,1,0.579354
1.0,1,0.6554229
1.0,1,0.91859967
0.0,0,0.21053158
1.0,1,0.9168155
1.0,1,0.51008934
1.0,1,0.9235377
1.0,0,0.2324725
1.0,1,0.91813004
0.0,0,0.08470015
0.0,0,0.20880252
1.0,0,0.23120527
0.0,0,0.16298847
0.0,0,0.071187764
1.0,1,0.62167984
0.0,0,0.07778459
1.0,1,0.80861324
1.0,1,0.8696272
1.0,1,0.9085659
1.0,1,0.8483791
1.0,1,0.63272804
0.0,0,0.15160595
1.0,1,0.8276219
0.0,0,0.09354645
1.0,0,0.06323222
0.0,1,0.76906395
1.0,1,0.91720283
0.0,1,0.54524803
1.0,1,0.8672651
1.0,1,0.7940718
0.0,1,0.89528143
0.0,1,0.77818626
1.0,1,0.7783958
0.0,0,0.11973758
1.0,1,0.61009294
1.0,1,0.9125163
0.0,0,0.08630561
1.0,1,0.7836609
1.0,1,0.91708523
1.0,1,0.901035
1.0,0,0.42030117
0.0,0,0.059356216
1.0,0,0.1156827
0.0,1,0.8467563
0.0,1,0.8841424
1.0,1,0.7736988
0.0,1,0.5351833
0.0,1,0.6051811
1.0,1,0.6021605
0.0,0,0.08381577
1.0,1,0.7463486
0.0,1,0.6269621
1.0,1,0.89185375
1.0,0,0.33016476
1.0,0,0.44244367
0.0,0,0.059849136
1.0,1,0.7279571
0.0,1,0.6425788
1.0,1,0.75029093
1.0,0,0.49161434
1.0,1,0.85057276
0.0,1,0.57881033
1.0,1,0.83872336
1.0,0,0.2894926
1.0,1,0.90507257
0.0,0,0.110431194
0.0,1,0.8342421
0.0,0,0.15859379
0.0,0,0.49673504
1.0,1,0.84561974
1.0,1,0.8193532
1.0,1,0.9086643
1.0,0,0.30736798
0.0,1,0.801154
0.0,0,0.2999674
1.0,0,0.26920706
0.0,1,0.8701255
1.0,1,0.552346
0.0,0,0.49320024
0.0,1,0.76591325
0.0,0,0.061372347
1.0,1,0.84467715
0.0,0,0.08967462
0.0,0,0.48980075
1.0,0,0.08982947
0.0,0,0.16385897
1.0,1,0.841671
1.0,0,0.47855338
1.0,1,0.63983345
0.0,1,0.5695849
1.0,1,0.71149683
1.0,1,0.88461363
1.0,1,0.77032626
0.0,0,0.052136943
1.0,0,0.47966638
1.0,1,0.81383246
1.0,1,0.87999976
1.0,1,0.81910866
1.0,1,0.928138
1.0,1,0.6983062
0.0,0,0.050185163
1.0,1,0.92362845
1.0,1,0.669995
1.0,1,0.8444419
1.0,1,0.82457113
0.0,0,0.10265782
1.0,1,0.90401334
1.0,1,0.74801785
0.0,1,0.8550556
1.0,0,0.41158703
1.0,1,0.90638834
1.0,1,0.82655317
0.0,0,0.15231991
1.0,1,0.9173811
0.0,0,0.056049198
0.0,0,0.1860842
0.0,1,0.804105
1.0,1,0.77726376
1.0,1,0.6691186
0.0,1,0.76979935
1.0,1,0.8343276
0.0,0,0.051552463
1.0,1,0.86209095
1.0,1,0.87728447
1.0,1,0.8191708
0.0,0,0.1034036
0.0,1,0.88306266
0.0,1,0.70224214
1.0,0,0.4736105
1.0,1,0.8477425
1.0,1,0.85390645
1.0,1,0.6272689
0.0,1,0.8545181
1.0,1,0.5055772
0.0,0,0.2058899
0.0,0,0.487205
1.0,1,0.8753432
0.0,0,0.07063453
1.0,1,0.5997007
1.0,0,0.3231362
1.0,1,0.9151336
1.0,1,0.9148014
0.0,0,0.11112446
1.0,0,0.36010095
1.0,1,0.873331
1.0,1,0.6044852
0.0,1,0.71314746
0.0,0,0.068190545
0.0,0,0.36098504
1.0,1,0.7844828
0.0,0,0.4056205
1.0,1,0.89482903
1.0,1,0.9084365
1.0,1,0.92028445
1.0,0,0.35102656
1.0,1,0.911295
1.0,1,0.75689244
1.0,1,0.85913455
0.0,0,0.11942483
1.0,1,0.82073224
0.0,1,0.8584907
0.0,0,0.061350644
0.0,0,0.31066966
1.0,1,0.6264195
0.0,0,0.46178028
1.0,1,0.9250285
1.0,1,0.8029675
1.0,1,0.9179346
1.0,1,0.7073886
0.0,0,0.09869256
1.0,1,0.7432721
0.0,0,0.06371871
1.0,1,0.89688265
1.0,1,0.9268239
1.0,1,0.9007764
0.0,1,0.7243308
1.0,1,0.866551
1.0,1,0.6228268
1.0,1,0.92132574
1.0,1,0.9184497
1.0,1,0.6670839
1.0,1,0.55999106
0.0,0,0.078402594
1.0,1,0.5649544
0.0,0,0.40403655
1.0,1,0.8202137
1.0,1,0.71443737
0.0,0,0.30490893
1.0,1,0.8606972
0.0,1,0.77716833
1.0,1,0.5203227
0.0,1,0.754506
1.0,1,0.78264177
0.0,0,0.08003735
0.0,1,0.7619752
1.0,1,0.80293286
1.0,0,0.39863232
1.0,1,0.8189727
1.0,0,0.19667651
0.0,0,0.12610023
0.0,0,0.0746231
1.0,0,0.37042508
1.0,1,0.7552948
1.0,1,0.8749243
0.0,1,0.5350792
0.0,0,0.23803644
1.0,1,0.89193636
0.0,1,0.6180095
1.0,1,0.899205
0.0,0,0.064206764
1.0,1,0.81176096
0.0,0,0.1572909
0.0,0,0.07000012
1.0,1,0.5353118
0.0,0,0.11327999
1.0,1,0.9286933
0.0,1,0.88256145
1.0,1,0.7955046
0.0,1,0.68024397
0.0,1,0.5866374
1.0,1,0.8775256
1.0,1,0.90675235
0.0,0,0.120463446
1.0,1,0.7838636
1.0,1,0.50767136
0.0,0,0.13690998
1.0,1,0.7308863
1.0,1,0.7814252
1.0,1,0.78554904
1.0,0,0.20922846
1.0,0,0.4630055
1.0,1,0.91682196
1.0,0,0.19552389
1.0,1,0.90924394
0.0,0,0.054186963
1.0,1,0.90286434
0.0,0,0.051257364
1.0,1,0.8286585
1.0,1,0.93332326
0.0,0,0.06484998
0.0,0,0.05387222
0.0,1,0.80579835
0.0,0,0.3966824
0.0,1,0.8935152
1.0,1,0.69838756
1.0,1,0.80682445
1.0,1,0.84214574
1.0,1,0.74739873
1.0,1,0.8100457
1.0,1,0.7481722
1.0,1,0.8641414
1.0,1,0.6293263
1.0,1,0.82112586
1.0,1,0.9177672
0.0,1,0.87564427
1.0,1,0.8742602
0.0,0,0.4515269
0.0,1,0.7760724
1.0,0,0.117203526
1.0,1,0.9027385
0.0,1,0.7999885
0.0,1,0.6121936
0.0,0,0.3072544
1.0,1,0.84558517
0.0,0,0.055616055
1.0,1,0.88757557
0.0,0,0.062648274
1.0,0,0.076090164
1.0,0,0.42322913
1.0,1,0.8052719
0.0,0,0.17517698
1.0,1,0.8335329
1.0,1,0.82318616
0.0,1,0.65894806
0.0,0,0.07048405
1.0,1,0.68194085
1.0,1,0.80480367
1.0,1,0.6919033
0.0,0,0.4976387
1.0,0,0.13189547
1.0,1,0.797743
0.0,1,0.80469835
1.0,1,0.79291546
0.0,0,0.12822966
0.0,1,0.73304594
0.0,1,0.86363226
0.0,1,0.88015985
1.0,0,0.111889854
1.0,1,0.9292836
0.0,0,0.22104654
0.0,0,0.09828456
0.0,1,0.5255759
1.0,1,0.7126134
0.0,0,0.04890125
0.0,0,0.37997887
1.0,0,0.48461545
1.0,1,0.885243
1.0,1,0.7931222
0.0,1,0.6708465
0.0,1,0.82931006
0.0,1,0.7281107
0.0,1,0.81258786
1.0,1,0.68204397
1.0,1,0.9148505
1.0,1,0.5342936
1.0,1,0.8591879
0.0,0,0.065603755
1.0,1,0.9251081
0.0,0,0.06532483
1.0,1,0.69175106
1.0,1,0.867331
0.0,0,0.37905192
0.0,0,0.37741193
0.0,1,0.8316069
1.0,1,0.9295863
1.0,1,0.9174058
1.0,1,0.7698325
0.0,1,0.67226416
0.0,1,0.8210093
1.0,1,0.6424346
1.0,1,0.84054214
0.0,1,0.82674927
0.0,1,0.530624
1.0,1,0.9026233
0.0,0,0.07245581
0.0,0,0.48986888
1.0,1,0.6719692
0.0,0,0.17992568
1.0,1,0.91716266
0.0,1,0.8262913
0.0,0,0.09499811
1.0,1,0.9351613
1.0,1,0.8947172
0.0,0,0.0644828
0.0,0,0.22082123
0.0,1,0.6662399
0.0,1,0.7796446
1.0,1,0.8523766
0.0,0,0.31938773
1.0,1,0.8426007
0.0,0,0.3765407
0.0,1,0.8608501
1.0,0,0.0925738
1.0,1,0.6953279
1.0,1,0.77071047
1.0,0,0.22938712
0.0,0,0.34282097
1.0,1,0.88263965
0.0,0,0.10774727
0.0,0,0.4607423
0.0,1,0.87343174
1.0,1,0.75630563
1.0,1,0.8926439
0.0,0,0.20050937
1.0,1,0.82193387
1.0,1,0.68559504
1.0,1,0.5737481
1.0,1,0.7269944
0.0,0,0.32595676
0.0,1,0.89675367
0.0,1,0.8962844
1.0,1,0.8454853
1.0,0,0.26196894
1.0,1,0.8578231
1.0,1,0.8263556
0.0,0,0.0632946
0.0,0,0.14539638
1.0,0,0.18545589
0.0,1,0.6737208
1.0,1,0.8199879
0.0,0,0.062214036
0.0,0,0.3842604
1.0,1,0.7730773
1.0,1,0.8947165
1.0,1,0.7944765
0.0,1,0.81449866
0.0,0,0.08084893
0.0,1,0.7373737
1.0,1,0.864992
0.0,1,0.5032109
1.0,1,0.91912174
1.0,1,0.7112146
1.0,1,0.9007104
0.0,1,0.61939746
1.0,1,0.85841596
1.0,1,0.814836
1.0,1,0.6742817
1.0,0,0.14623202
0.0,1,0.80781585
1.0,1,0.90924275
1.0,1,0.7976956
0.0,1,0.83065486
1.0,1,0.84716105
0.0,0,0.3242572
1.0,1,0.8195386
1.0,1,0.60352886
1.0,1,0.82281154
1.0,1,0.8314589
1.0,1,0.878715
0.0,0,0.3705518
0.0,1,0.6533884
1.0,1,0.88260424
1.0,1,0.9133635
1.0,0,0.21157199
0.0,0,0.34601912
0.0,0,0.23695903
0.0,1,0.6126886
1.0,1,0.8688743
0.0,1,0.64775383
0.0,0,0.32187265
0.0,0,0.08943635
1.0,0,0.40941656
1.0,1,0.71027064
0.0,1,0.5349397
0.0,1,0.9114553
0.0,1,0.688018
1.0,1,0.71706253
0.0,0,0.054579023
1.0,0,0.17671973
0.0,0,0.06911662
1.0,0,0.49144164
0.0,1,0.7778664
1.0,1,0.788312
1.0,0,0.33618993
0.0,0,0.17085922
1.0,1,0.879361
1.0,1,0.9133091
0.0,0,0.069538794
1.0,1,0.8724666
1.0,1,0.8033116
1.0,1,0.7170123
1.0,1,0.8366733
1.0,1,0.84749705
0.0,0,0.07986097
1.0,1,0.747143
1.0,1,0.83419126
1.0,1,0.9031467
0.0,0,0.07492528
1.0,1,0.9283353
1.0,1,0.67307615
0.0,0,0.051635727
0.0,1,0.81114125
0.0,1,0.79353654
1.0,1,0.9032708
1.0,1,0.7985401
1.0,1,0.90997833
0.0,1,0.6584309
1.0,1,0.5442935
1.0,1,0.6052995
1.0,1,0.82676333
0.0,0,0.22754279
0.0,0,0.49550813
1.0,0,0.15965919
1.0,1,0.82423234
0.0,1,0.68119913
1.0,1,0.8221631
1.0,0,0.2811913
1.0,1,0.79208255
0.0,0,0.07670377
1.0,1,0.91582596
0.0,0,0.3651932
0.0,1,0.5227083
0.0,1,0.7715758
1.0,1,0.89910746
1.0,1,0.89384943
1.0,1,0.6423128
1.0,1,0.8904031
1.0,1,0.90851384
1.0,0,0.23622091
0.0,1,0.84471434
1.0,1,0.9186452
1.0,1,0.8921682
1.0,1,0.81713766
1.0,1,0.7802356
0.0,1,0.75424033
1.0,1,0.5357204
0.0,0,0.05335785
1.0,1,0.6965587
0.0,0,0.31091464
1.0,1,0.84418756
1.0,1,0.87658143
1.0,1,0.8497336
0.0,0,0.4617882
0.0,0,0.2596195
0.0,0,0.052454162
0.0,1,0.79546446
1.0,1,0.8319622
0.0,1,0.65458214
0.0,0,0.15576173
0.0,1,0.7250627
0.0,0,0.059639733
0.0,0,0.04984175
1.0,1,0.872138
1.0,0,0.46173573
1.0,0,0.32757285
1.0,1,0.710326
1.0,1,0.7770753
1.0,1,0.8475692
1.0,1,0.68583083
1.0,1,0.6380218
1.0,1,0.61393243
0.0,0,0.09957023
0.0,1,0.5047863
0.0,0,0.0583159
1.0,1,0.7311876
1.0,1,0.84530175
1.0,1,0.9157052
1.0,1,0.6834854
1.0,1,0.7798717
1.0,1,0.9127272
1.0,0,0.24360861
1.0,1,0.53990155
1.0,1,0.85989827
0.0,1,0.79527617
0.0,1,0.56052625
0.0,1,0.89917415
1.0,1,0.68021643
1.0,1,0.93426025
1.0,0,0.3380844
0.0,0,0.4463044
0.0,1,0.7347311
0.0,1,0.8343834
1.0,1,0.832885
0.0,1,0.8400664
0.0,1,0.70577145
1.0,1,0.81253123
0.0,0,0.12088424
0.0,1,0.88432026
1.0,0,0.3681677
1.0,1,0.7720488
0.0,0,0.092240766
1.0,1,0.7213306
1.0,1,0.9038982
1.0,1,0.7718553
1.0,1,0.71004885
1.0,1,0.8475092
1.0,1,0.8909721
1.0,1,0.84351194
1.0,1,0.7468432
0.0,1,0.78196305
1.0,1,0.90278095
1.0,1,0.68364286
1.0,1,0.91041625
1.0,1,0.7583978
1.0,1,0.91344875
1.0,1,0.9071895
1.0,0,0.49477586
1.0,1,0.92671084
1.0,1,0.8694562
1.0,1,0.8466266
1.0,1,0.9051452
1.0,1,0.9136667
1.0,1,0.8620401
1.0,1,0.8170094
1.0,1,0.7951759
1.0,1,0.8380178
1.0,1,0.74890167
1.0,1,0.90121865
0.0,0,0.055878535
1.0,1,0.81928295
1.0,1,0.8133536
1.0,1,0.91370803
0.0,1,0.8389679
1.0,1,0.6212021
1.0,0,0.23270829
0.0,1,0.8971986
1.0,1,0.8806249
1.0,1,0.7254629
1.0,1,0.7404009
0.0,1,0.59504944
1.0,1,0.72470254
0.0,1,0.6498201
0.0,1,0.6439851
1.0,0,0.3623589
0.0,1,0.8193569
1.0,1,0.5465441
1.0,1,0.8388421
0.0,0,0.37992683
1.0,1,0.9273851
0.0,0,0.15122695
1.0,1,0.8050567
1.0,1,0.6379119
1.0,1,0.8383267
0.0,1,0.8821496
1.0,1,0.825466
0.0,1,0.67207104
0.0,1,0.8683574
0.0,0,0.06438472
1.0,1,0.7421421
1.0,1,0.79519695
0.0,0,0.06980888
1.0,1,0.9326149
1.0,1,0.9075274
0.0,0,0.05896872
1.0,1,0.8815274
1.0,0,0.14089753
1.0,1,0.9037
0.0,1,0.67778605
1.0,1,0.9112253
1.0,1,0.74856114
1.0,1,0.8314189
0.0,1,0.82076997
1.0,1,0.8717599
1.0,1,0.8631226
1.0,1,0.8284912
0.0,1,0.80446315
0.0,1,0.813536
1.0,1,0.8151268
0.0,1,0.7959222
0.0,0,0.056585416
1.0,0,0.11425697
0.0,0,0.056533538
0.0,0,0.05223898
1.0,1,0.6708546
1.0,1,0.77269477
0.0,0,0.087804586
1.0,1,0.93079144
0.0,0,0.076351896
0.0,1,0.79870915
0.0,1,0.81111264
1.0,1,0.71841544
1.0,1,0.71947956
0.0,0,0.11027593
1.0,1,0.92058784
1.0,1,0.6437263
1.0,1,0.7626325
0.0,1,0.8718061
1.0,1,0.6721698
0.0,0,0.059295103
0.0,1,0.8856627
0.0,1,0.914571
1.0,1,0.6833969
1.0,1,0.83519214
1.0,1,0.73000306
1.0,1,0.85126173
1.0,1,0.7746132
1.0,0,0.44336492
1.0,1,0.91913414
0.0,0,0.16403563
0.0,1,0.72600156
1.0,1,0.8282247
1.0,1,0.8907109
0.0,1,0.71508974
1.0,1,0.7770169
1.0,1,0.9333866
1.0,1,0.9129463
1.0,1,0.84757453
0.0,0,0.38793406
1.0,1,0.56787145
1.0,1,0.6834225
1.0,1,0.7953253
1.0,1,0.6676366
1.0,0,0.38240057
1.0,1,0.81922126
1.0,1,0.92763144
1.0,1,0.8315696
1.0,1,0.9169108
1.0,1,0.7410928
0.0,0,0.46055076
1.0,1,0.91449225
0.0,0,0.06964425
1.0,1,0.84548247
0.0,0,0.076086074
1.0,1,0.7276767
1.0,1,0.6788121
0.0,1,0.665254
1.0,1,0.7955215
1.0,1,0.8804383
1.0,1,0.8284435
1.0,1,0.8983218
0.0,0,0.058356475
0.0,1,0.87055314
0.0,0,0.25283763
0.0,0,0.10908955
0.0,1,0.5207473
1.0,0,0.13626206
1.0,1,0.76294893
1.0,1,0.671961
1.0,1,0.89425033
1.0,1,0.8822774
1.0,1,0.80176735
0.0,1,0.7096187
0.0,0,0.0889803
0.0,1,0.8884959
1.0,1,0.57538676
0.0,0,0.15578808
1.0,1,0.9269269
1.0,1,0.5230265
0.0,0,0.2994108
1.0,1,0.9015255
1.0,1,0.8780611
1.0,1,0.9019439
1.0,1,0.8316799
1.0,1,0.88693815
1.0,0,0.41048807
0.0,0,0.06139409
1.0,1,0.839448
0.0,1,0.6584052
1.0,0,0.1400621
1.0,1,0.8414113
1.0,0,0.053364825
1.0,1,0.7864742
1.0,1,0.84378546
1.0,1,0.8537297
1.0,0,0.0950853
1.0,1,0.57086605
1.0,1,0.8009152
1.0,1,0.79526794
1.0,0,0.36415222
0.0,0,0.15632935
1.0,1,0.810546
0.0,0,0.14983344
0.0,1,0.58451307
1.0,0,0.3030315
1.0,1,0.8210203
1.0,1,0.8515661
0.0,1,0.7342675
1.0,0,0.4923234
0.0,1,0.7761795
1.0,1,0.7202564
1.0,1,0.91350436
0.0,0,0.1804801
1.0,1,0.81313396
1.0,1,0.77682424
1.0,1,0.6418958
1.0,1,0.66596437
1.0,1,0.8254936
1.0,1,0.7477665
1.0,0,0.39955214
0.0,0,0.0703443
1.0,1,0.63380927
1.0,1,0.7258162
0.0,1,0.81806093
1.0,0,0.38305002
1.0,1,0.763797
1.0,1,0.7847425
1.0,1,0.6058191
0.0,1,0.8991074
0.0,0,0.06962442
0.0,1,0.76940745
0.0,1,0.8514862
1.0,1,0.89978176
0.0,1,0.7106542
1.0,1,0.8956811
0.0,1,0.7474716
1.0,1,0.84948874
1.0,1,0.6850787
1.0,0,0.13173841
0.0,1,0.71342856
1.0,1,0.8713569
0.0,1,0.68625164
1.0,1,0.6489926
1.0,1,0.7568491
1.0,1,0.8588433
1.0,1,0.91938746
1.0,1,0.85834825
0.0,0,0.065802775
1.0,0,0.31362763
0.0,1,0.6902664
0.0,1,0.8416895
0.0,1,0.8205091
1.0,1,0.9224808
0.0,1,0.7263685
1.0,1,0.84487206
1.0,1,0.7017008
0.0,1,0.69996935
0.0,0,0.16021404
0.0,0,0.16763377
0.0,1,0.799408
1.0,1,0.9136125
0.0,0,0.08194441
1.0,1,0.8022952
0.0,1,0.5205808
0.0,0,0.06733555
1.0,1,0.78445035
0.0,1,0.62327623
0.0,1,0.50983614
1.0,1,0.7954646
0.0,1,0.72272617
1.0,1,0.8618591
0.0,0,0.06527638
1.0,1,0.82115334
1.0,1,0.9206912
1.0,0,0.1731392
0.0,1,0.86302197
1.0,0,0.29152215
0.0,1,0.5147471
1.0,1,0.76859397
1.0,1,0.67974865
0.0,0,0.13761128
1.0,1,0.80484617
0.0,1,0.7296533
1.0,1,0.6127619
1.0,1,0.9136277
0.0,1,0.7636002
1.0,1,0.67215306
1.0,1,0.8655228
1.0,1,0.9205634
0.0,0,0.054632995
0.0,0,0.08669504
1.0,1,0.8416735
1.0,1,0.76459825
0.0,0,0.27666968
1.0,1,0.8632707
1.0,1,0.6373896
1.0,1,0.80803025
1.0,1,0.9090928
1.0,0,0.45589474
1.0,0,0.09769203
0.0,0,0.19192465
1.0,1,0.8913951
1.0,1,0.8886018
0.0,0,0.058116633
0.0,0,0.38509586
1.0,1,0.79718643
1.0,1,0.8769389
1.0,1,0.778222
1.0,1,0.7609967
1.0,1,0.9202404
1.0,1,0.55399555
1.0,1,0.7023918
0.0,0,0.13393538
0.0,0,0.0750561
0.0,0,0.08560365
1.0,1,0.7428601
1.0,1,0.80485153
0.0,1,0.8592734
1.0,1,0.90273196
1.0,1,0.82603544
0.0,1,0.8869059
1.0,1,0.9143308
0.0,0,0.049617186
1.0,1,0.872427
1.0,1,0.7955512
0.0,0,0.08631693
1.0,0,0.19658381
1.0,1,0.7554554
1.0,0,0.16864538
0.0,0,0.073108025
1.0,1,0.82336086
1.0,1,0.8110926
1.0,0,0.42021695
1.0,1,0.77445394
0.0,1,0.6276327
0.0,1,0.56573397
1.0,1,0.75716794
0.0,1,0.5222715
0.0,0,0.10543248
0.0,0,0.118736334
0.0,1,0.88127166
0.0,1,0.6059405
1.0,1,0.9125178
1.0,0,0.20732212
1.0,1,0.6909215
0.0,1,0.66792005
0.0,0,0.49694955
1.0,1,0.882882
0.0,0,0.057491705
1.0,0,0.24675982
1.0,1,0.81247854
1.0,0,0.42005497
0.0,0,0.0740941
1.0,1,0.8667971
1.0,1,0.81763566
0.0,0,0.066041365
0.0,0,0.23991457
0.0,1,0.66075975
0.0,0,0.15590994
1.0,1,0.8512367
1.0,1,0.84556496
1.0,1,0.52523565
1.0,1,0.7524552
0.0,0,0.0634424
1.0,1,0.83215076
0.0,0,0.05282306
1.0,1,0.56810033
1.0,1,0.923596
1.0,1,0.92249095
0.0,1,0.8205946
1.0,0,0.4444081
0.0,0,0.07193861
1.0,1,0.80247736
1.0,1,0.84489846
1.0,1,0.90463597
1.0,1,0.90718997
1.0,1,0.7402108
0.0,1,0.5846004
1.0,0,0.49190608
1.0,1,0.71963495
1.0,1,0.5220741
1.0,1,0.9216475
0.0,1,0.783929
0.0,0,0.055693094
0.0,0,0.07716281
1.0,1,0.8224425
1.0,1,0.8707586
0.0,0,0.05547792
0.0,1,0.62747324
1.0,0,0.40359634
0.0,0,0.23355605
0.0,1,0.70424765
1.0,1,0.8662393
1.0,1,0.86065304
1.0,1,0.9239704
0.0,1,0.7333068
1.0,1,0.60774606
0.0,0,0.06640415
1.0,1,0.8985987
0.0,0,0.4567862
0.0,0,0.4433623
1.0,1,0.692978
1.0,1,0.9109409
1.0,1,0.80148697
1.0,0,0.48415533
1.0,1,0.9032306
0.0,0,0.30117378
0.0,0,0.49748453
1.0,1,0.9265874
1.0,0,0.14435685
1.0,1,0.92392814
1.0,1,0.8694132
1.0,1,0.87874436
0.0,0,0.15528078
0.0,1,0.8543319
1.0,1,0.80815405
0.0,0,0.111293666
0.0,1,0.75589323
1.0,1,0.8192549
1.0,1,0.8223349
1.0,1,0.822042
0.0,0,0.24673857
1.0,1,0.9230377
0.0,1,0.52614564
0.0,1,0.70686567
1.0,1,0.7023954
0.0,0,0.062848754
1.0,0,0.4848208
0.0,0,0.0524737
0.0,1,0.713251
1.0,1,0.79118437
1.0,1,0.81050885
1.0,1,0.52482814
0.0,0,0.11394787
1.0,1,0.7890562
1.0,1,0.7970144
1.0,1,0.9209901
1.0,0,0.4076399
0.0,0,0.21001382
1.0,1,0.80206585
0.0,1,0.78822345
0.0,1,0.5351629
1.0,1,0.9079009
0.0,0,0.0508336
0.0,0,0.29053804
1.0,1,0.8109153
0.0,0,0.13389425
0.0,1,0.8352378
0.0,0,0.4846935
0.0,0,0.06632757
1.0,1,0.68556833
1.0,1,0.7584398
0.0,0,0.0831882
1.0,1,0.7102745
0.0,0,0.15750544
1.0,1,0.85166067
0.0,1,0.6746609
0.0,0,0.3995673
1.0,0,0.06465927
1.0,1,0.9101606
1.0,1,0.83798546
1.0,0,0.3569971
1.0,1,0.9242909
1.0,1,0.74326
0.0,1,0.85502225
0.0,0,0.06587921
0.0,0,0.06351663
1.0,0,0.13161175
1.0,1,0.9093277
1.0,1,0.89642406
0.0,1,0.8745533
1.0,0,0.48894498
1.0,1,0.75224745
1.0,1,0.8222474
1.0,1,0.7077471
1.0,1,0.91141254
1.0,1,0.5918042
0.0,0,0.052963953
1.0,1,0.7839934
1.0,1,0.8430009
1.0,0,0.1809039
0.0,0,0.47175035
1.0,0,0.1415805
0.0,0,0.37493646
1.0,0,0.33559036
1.0,1,0.8574529
0.0,0,0.47737515
1.0,1,0.7954596
1.0,0,0.18835533
1.0,1,0.925782
0.0,0,0.15910324
1.0,0,0.49297225
1.0,1,0.92793113
1.0,1,0.7696512
1.0,0,0.35481054
1.0,1,0.83939886
1.0,1,0.8473219
1.0,1,0.86931103
1.0,1,0.86616206
0.0,0,0.10126071
1.0,1,0.6822995
1.0,0,0.16067344
1.0,1,0.79543
1.0,1,0.9255326
0.0,1,0.55000967
1.0,1,0.90737534
1.0,0,0.36588517
0.0,1,0.8683036
1.0,1,0.80122715
0.0,1,0.68340904
0.0,0,0.17580931
0.0,1,0.61633223
1.0,1,0.86664814
1.0,1,0.8173818
1.0,1,0.8276305
1.0,1,0.8135589
1.0,1,0.81043005
1.0,1,0.7073126
0.0,0,0.09698772
0.0,1,0.6583096
0.0,0,0.06489241
0.0,0,0.109258294
1.0,1,0.5736989
1.0,1,0.6332416
0.0,1,0.81722766
1.0,1,0.911598
1.0,1,0.7488601
1.0,1,0.6030276
1.0,1,0.7209312
1.0,1,0.91515946
1.0,1,0.9197058
0.0,0,0.0689083
1.0,1,0.8192219
1.0,1,0.7347915
1.0,0,0.42071855
0.0,1,0.58820206
1.0,1,0.85822016
0.0,0,0.0848203
1.0,0,0.062209148
0.0,0,0.06252846
1.0,1,0.8685965
1.0,1,0.80352277
1.0,1,0.861581
0.0,0,0.076604806
1.0,0,0.08802646
1.0,1,0.8830842
1.0,1,0.9130386
1.0,1,0.8416193
0.0,0,0.4605889
1.0,1,0.86299497
1.0,1,0.9260095
1.0,1,0.7330405
1.0,1,0.90420324
1.0,1,0.721979
0.0,1,0.7701735
1.0,1,0.8310685
0.0,1,0.76768804
0.0,0,0.12153118
1.0,1,0.8968713
1.0,0,0.47100043
1.0,1,0.7960576
1.0,1,0.86899
1.0,1,0.89385134
1.0,1,0.53240174
1.0,1,0.66803384
0.0,1,0.56997
0.0,0,0.057813402
0.0,0,0.26328874
0.0,0,0.08384142
1.0,1,0.8203889
1.0,1,0.7868948
0.0,0,0.102223806
1.0,1,0.8319606
0.0,0,0.13893422
0.0,1,0.92951626
0.0,1,0.5834355
0.0,0,0.05210959
1.0,0,0.19583714
0.0,0,0.21406762
1.0,0,0.10850211
1.0,1,0.6464584
1.0,1,0.777073
1.0,1,0.7456269
1.0,1,0.92443544
1.0,1,0.8674584
1.0,1,0.65240896
0.0,1,0.75174147
1.0,1,0.731307
0.0,1,0.8670957
1.0,1,0.73858905
1.0,1,0.69238496
1.0,1,0.83461595
0.0,1,0.6752353
0.0,1,0.89755005
1.0,1,0.7325478
0.0,0,0.47053638
1.0,1,0.8267865
0.0,1,0.6307185
1.0,0,0.3849075
0.0,0,0.14966002
0.0,0,0.20867743
1.0,1,0.89551395
1.0,1,0.8226495
1.0,1,0.8981433
0.0,0,0.12488171
0.0,1,0.75530577
1.0,1,0.8622269
1.0,1,0.8187416
1.0,1,0.9232183
0.0,1,0.9054553
0.0,0,0.055390522
1.0,1,0.69844896
0.0,1,0.5609837
1.0,1,0.88078225
1.0,1,0.84410805
1.0,0,0.48978382
1.0,1,0.609077
1.0,1,0.5530344
0.0,1,0.6559398
0.0,0,0.07155807
0.0,1,0.6189106
1.0,0,0.13601731
0.0,1,0.58571917
1.0,1,0.74457973
1.0,1,0.8693701
1.0,1,0.9164491
1.0,1,0.5228863
1.0,0,0.1819237
0.0,0,0.40528452
0.0,0,0.354507
1.0,0,0.3436097
1.0,1,0.60656893
0.0,1,0.7288033
1.0,1,0.9206235
0.0,1,0.75654876
0.0,1,0.6517267
1.0,1,0.8243967
1.0,1,0.73221487
1.0,1,0.92983556
0.0,1,0.6970906
1.0,1,0.9210887
1.0,1,0.6537523
0.0,0,0.34563953
1.0,1,0.7454023
0.0,0,0.3300151
1.0,1,0.8853544
0.0,1,0.79882973
1.0,0,0.48325518
0.0,0,0.061981414
1.0,1,0.8843195
1.0,1,0.746392
0.0,1,0.6289971
0.0,0,0.125244
1.0,0,0.48546588
1.0,1,0.6260309
1.0,1,0.92548805
1.0,1,0.50627404
1.0,1,0.6798433
0.0,1,0.918325
1.0,1,0.6534064
0.0,0,0.21313633
1.0,1,0.8931446
1.0,1,0.8875873
0.0,0,0.31569785
1.0,0,0.06979153
1.0,1,0.863307
1.0,1,0.7638308
1.0,0,0.118995786
0.0,0,0.11056378
1.0,1,0.9151503
0.0,0,0.07700617
1.0,1,0.6700286
0.0,1,0.7920077
0.0,0,0.05641211
0.0,0,0.06899465
1.0,1,0.90871215
0.0,0,0.059941337
0.0,0,0.12805994
1.0,1,0.7337664
0.0,1,0.5069767
0.0,0,0.05477758
1.0,1,0.80076766
1.0,1,0.58868235
1.0,1,0.61076427
1.0,1,0.55407137
1.0,1,0.65587866
0.0,1,0.8964932
1.0,1,0.69709
0.0,0,0.17951399
1.0,1,0.6981293
0.0,0,0.08778431
0.0,1,0.6904845
1.0,1,0.7127702
1.0,1,0.60644007
1.0,0,0.25208133
1.0,1,0.7680335
1.0,1,0.8593668
1.0,1,0.809323
0.0,0,0.06776289
1.0,1,0.91835105
1.0,1,0.5415713
0.0,1,0.68361026
0.0,0,0.4814235
0.0,0,0.093777455
1.0,1,0.6059353
0.0,0,0.15746385
0.0,1,0.8179423
1.0,1,0.8275473
0.0,1,0.89669126
0.0,1,0.7972535
1.0,1,0.82576084
1.0,0,0.37552676
0.0,1,0.5616061
0.0,1,0.84750485
0.0,0,0.13679841
0.0,0,0.4393812
0.0,0,0.29246068
0.0,0,0.053895447
0.0,1,0.77677
1.0,1,0.8953407
1.0,0,0.468433
0.0,1,0.5811297
0.0,0,0.09662489
1.0,0,0.3078858
0.0,1,0.60660213
1.0,1,0.8442301
1.0,1,0.7811019
0.0,1,0.82637346
1.0,1,0.7538722
0.0,0,0.49140513
1.0,1,0.7815724
1.0,1,0.6693209
1.0,1,0.6575271
1.0,1,0.9268944
1.0,1,0.92538553
1.0,1,0.73223794
1.0,1,0.9012881
1.0,1,0.53831136
1.0,1,0.8170248
1.0,0,0.34621677
0.0,0,0.104629934
1.0,0,0.086353235
1.0,1,0.89100635
0.0,0,0.10568822
0.0,1,0.8811289
1.0,1,0.8705537
1.0,0,0.17210871
1.0,1,0.9139061
1.0,1,0.8914469
0.0,1,0.5681527
1.0,0,0.2165992
1.0,1,0.80478317
0.0,0,0.118376024
1.0,1,0.74749994
1.0,1,0.8318035
0.0,0,0.0655172
0.0,0,0.050955597
0.0,1,0.66351247
0.0,1,0.6731649
1.0,1,0.75723034
1.0,1,0.8461313
0.0,0,0.42858487
1.0,1,0.910238
0.0,1,0.6352294
1.0,1,0.7792909
0.0,1,0.7083992
1.0,1,0.546049
0.0,0,0.05284651
1.0,1,0.6246385
1.0,1,0.84958875
1.0,0,0.37342012
0.0,1,0.68333495
0.0,1,0.885167
1.0,0,0.15342633
1.0,1,0.8918704
1.0,1,0.92373717
1.0,0,0.3878685
1.0,1,0.65817404
1.0,1,0.93117
1.0,1,0.5414051
1.0,1,0.7343985
1.0,1,0.92176175
0.0,0,0.05686362
1.0,1,0.92735463
0.0,1,0.6553981
1.0,1,0.8886305
1.0,1,0.9219126
1.0,1,0.82975817
1.0,1,0.9298549
0.0,0,0.050715834
1.0,1,0.922625
0.0,1,0.6848454
1.0,1,0.8043104
1.0,0,0.28501397
1.0,0,0.0864826
1.0,1,0.8552673
0.0,1,0.9113714
1.0,1,0.7784969
0.0,1,0.56707317
1.0,1,0.9217663
1.0,1,0.7828774
1.0,1,0.79529405
1.0,0,0.40769807
0.0,0,0.4210305
1.0,1,0.85939455
0.0,0,0.051765125
0.0,0,0.14949346
0.0,0,0.20949106
0.0,1,0.9324151
1.0,1,0.8447433
1.0,1,0.7759802
0.0,0,0.15424941
1.0,1,0.613183
0.0,1,0.52060705
1.0,1,0.82767063
0.0,1,0.6416066
0.0,1,0.6490694
0.0,1,0.5193539
0.0,1,0.9095827
1.0,1,0.674275
1.0,0,0.1074824
0.0,1,0.51977736
0.0,0,0.10513646
0.0,1,0.60122985
1.0,1,0.7644472
1.0,1,0.835562
1.0,1,0.9083823
1.0,1,0.72120017
1.0,0,0.13936311
0.0,0,0.11818351
0.0,1,0.74350667
1.0,1,0.865075
0.0,1,0.6963763
1.0,1,0.8969183
1.0,1,0.8469913
1.0,1,0.8519938
0.0,1,0.8068279
1.0,1,0.92436177
1.0,1,0.61872196
1.0,1,0.81009734
1.0,0,0.26351142
1.0,1,0.883191
0.0,1,0.7408384
1.0,1,0.92919797
0.0,0,0.072543
0.0,0,0.36981845
0.0,1,0.68258256
0.0,1,0.78560877
0.0,0,0.05407533
1.0,1,0.91415966
1.0,0,0.41584632
1.0,1,0.68600386
0.0,0,0.06574039
0.0,1,0.91453004
0.0,0,0.06658955
1.0,1,0.92202294
0.0,1,0.7341707
1.0,1,0.9278823
0.0,0,0.1957011
1.0,1,0.90329325
0.0,0,0.42312646
0.0,1,0.68348426
1.0,1,0.8792935
1.0,1,0.7500089
1.0,1,0.68349713
1.0,1,0.8938031
1.0,1,0.86839616
1.0,0,0.30423185
0.0,1,0.8431856
0.0,1,0.8300598
0.0,1,0.5583254
1.0,1,0.5692226
1.0,1,0.79404914
1.0,1,0.80353814
1.0,1,0.7572397
0.0,0,0.10062764
1.0,1,0.91733235
0.0,0,0.085326456
1.0,0,0.07833307
0.0,1,0.5852289
0.0,1,0.6017441
1.0,1,0.83133835
1.0,1,0.89157015
0.0,0,0.2616561
0.0,0,0.3390512
1.0,1,0.8121302
1.0,1,0.6097915
0.0,0,0.11070709
1.0,1,0.8962659
1.0,0,0.32430443
0.0,0,0.14281574
0.0,0,0.3066505
1.0,0,0.15037817
0.0,1,0.90937203
0.0,0,0.14316493
0.0,0,0.055281356
1.0,1,0.53186464
0.0,0,0.11936599
1.0,1,0.84585524
1.0,1,0.88767505
1.0,1,0.819272
1.0,1,0.79529727
1.0,1,0.89376694
1.0,1,0.845735
1.0,0,0.40051723
0.0,1,0.68271756
1.0,1,0.90794396
1.0,0,0.07080494
1.0,1,0.5577881
0.0,1,0.90942264
1.0,0,0.123850144
1.0,1,0.80536807
1.0,1,0.9009664
1.0,1,0.5287657
1.0,0,0.06587727
1.0,1,0.87283355
0.0,1,0.7397175
1.0,1,0.6336582
0.0,1,0.5990889
0.0,0,0.3515712
1.0,0,0.1112222
0.0,0,0.06462025
1.0,1,0.9201771
0.0,0,0.07083225
0.0,1,0.63501066
0.0,0,0.053781196
0.0,0,0.20753402
1.0,0,0.26279733
1.0,1,0.92216617
1.0,1,0.67130893
1.0,1,0.7953001
1.0,0,0.13226585
1.0,1,0.8110863
1.0,1,0.84563553
0.0,1,0.53234565
1.0,1,0.8003807
0.0,0,0.119416654
0.0,0,0.12888594
1.0,1,0.59077877
0.0,0,0.08056039
1.0,1,0.7920961
1.0,1,0.58444995
1.0,1,0.86500835
0.0,1,0.68795043
1.0,1,0.6367908
0.0,1,0.638706
1.0,1,0.52617455
1.0,1,0.8786758
1.0,1,0.791961
0.0,0,0.05527425
0.0,0,0.23848891
1.0,1,0.92752093
0.0,0,0.059705313
0.0,1,0.5805638
1.0,1,0.9298821
1.0,1,0.8455689
1.0,0,0.19459996
1.0,0,0.22701477
0.0,0,0.10206564
1.0,1,0.82020175
0.0,0,0.24553649
1.0,1,0.6287288
1.0,1,0.82188946
0.0,1,0.5518057
0.0,0,0.28526726
1.0,1,0.86457026
1.0,1,0.8576207
1.0,1,0.6234149
1.0,1,0.81198287
1.0,1,0.6335529
1.0,1,0.81259006
1.0,1,0.9246632
1.0,1,0.8487264
0.0,0,0.12581603
0.0,1,0.6834396
1.0,1,0.7559121
1.0,1,0.71715426
0.0,1,0.8930385
1.0,1,0.78200907
1.0,1,0.83169156
0.0,1,0.7951697
1.0,1,0.82064855
1.0,1,0.67317533
1.0,1,0.8494072
1.0,1,0.79302186
0.0,0,0.12319269
1.0,1,0.6834814
1.0,1,0.72641045
1.0,1,0.59720784
0.0,1,0.82003254
1.0,1,0.8986277
0.0,1,0.73128444
1.0,1,0.67305154
0.0,1,0.76077116
1.0,1,0.78888094
1.0,1,0.617123
0.0,1,0.50441176
1.0,1,0.7252454
0.0,1,0.80541575
0.0,0,0.48681894
1.0,1,0.91950387
0.0,0,0.31352502
1.0,1,0.6056262
0.0,1,0.90210336
1.0,1,0.91087544
1.0,1,0.77225643
0.0,0,0.38041654
0.0,0,0.45620602
0.0,0,0.056533713
1.0,0,0.42986348
0.0,1,0.8335626
1.0,1,0.839888
0.0,0,0.15484333
0.0,0,0.11058167
0.0,1,0.87531924
1.0,1,0.8104701
1.0,0,0.45684502
1.0,1,0.92462
1.0,0,0.1879937
0.0,0,0.41700923
1.0,1,0.899871
0.0,0,0.068159625
1.0,0,0.49964324
1.0,1,0.7222605
0.0,0,0.16091752
0.0,0,0.066251464
0.0,1,0.9237784
0.0,1,0.5506044
1.0,1,0.88852715
0.0,1,0.8212572
1.0,1,0.915404
1.0,1,0.569186
1.0,1,0.830636
1.0,1,0.6862439
1.0,1,0.53732353
0.0,1,0.76206577
1.0,1,0.9166042
0.0,1,0.80637586
1.0,1,0.799056
1.0,1,0.9115461
1.0,1,0.90603215
1.0,1,0.84774977
1.0,0,0.3058308
0.0,0,0.0712703
1.0,0,0.09233841
0.0,1,0.6980498
1.0,1,0.845634
1.0,1,0.6729543
1.0,1,0.92480046
0.0,0,0.058180463
1.0,1,0.77197737
1.0,1,0.7612558
1.0,1,0.8598654
0.0,0,0.071439296
0.0,0,0.17750922
1.0,1,0.64324427
1.0,1,0.81774867
1.0,0,0.3066805
0.0,1,0.86454004
1.0,1,0.9129114
1.0,1,0.81708723
1.0,1,0.85989124
1.0,1,0.6330206
1.0,1,0.7797574
1.0,1,0.79528147
1.0,0,0.31697804
1.0,1,0.81964386
0.0,1,0.9131954
0.0,1,0.708349
1.0,1,0.86467
1.0,1,0.89603585
1.0,1,0.773548
0.0,1,0.7990404
1.0,1,0.8781948
0.0,1,0.6149896
1.0,0,0.23665032
1.0,1,0.8774114
1.0,1,0.8163494
1.0,1,0.8804843
0.0,0,0.058242742
1.0,1,0.8120275
1.0,1,0.91653925
1.0,1,0.92434025
0.0,0,0.059195094
0.0,1,0.7391971
1.0,1,0.59695613
0.0,0,0.09293718
1.0,1,0.76097775
0.0,1,0.77703476
1.0,1,0.76789135
1.0,1,0.7954591
0.0,1,0.78478795
0.0,0,0.4218742
1.0,1,0.79826534
1.0,1,0.5057987
1.0,1,0.84741545
1.0,1,0.54693264
0.0,0,0.15681891
0.0,1,0.76169187
0.0,0,0.112013586
1.0,0,0.39685926
0.0,0,0.068592675
0.0,0,0.09592231
1.0,1,0.90821254
0.0,1,0.85838825
0.0,1,0.6517346
1.0,1,0.81262296
1.0,1,0.8842917
0.0,0,0.06165593
1.0,1,0.91002417
1.0,1,0.8815085
1.0,1,0.90441155
1.0,1,0.8585092
1.0,1,0.8710073
1.0,0,0.06898098
1.0,1,0.91737586
1.0,1,0.7561007
1.0,1,0.70992684
1.0,1,0.77946275
1.0,0,0.45438132
1.0,1,0.7230891
1.0,1,0.86349714
0.0,0,0.065046735
1.0,1,0.85584426
1.0,0,0.11479154
0.0,0,0.10031979
1.0,0,0.24679153
1.0,0,0.37092617
1.0,0,0.099278785
1.0,1,0.9169798
1.0,1,0.9186693
1.0,1,0.891864
1.0,1,0.84324086
0.0,1,0.62654614
1.0,1,0.5706675
1.0,1,0.81297
1.0,0,0.12596133
1.0,0,0.34776407
1.0,1,0.9002769
0.0,0,0.09667751
0.0,1,0.67010695
1.0,1,0.8870346
1.0,1,0.8918783
0.0,0,0.08560692
0.0,1,0.81300896
0.0,1,0.8276596
1.0,1,0.69398534
1.0,0,0.3787106
0.0,1,0.78801847
1.0,1,0.8318915
0.0,1,0.9128738
1.0,1,0.53389955
1.0,1,0.64038247
0.0,0,0.101947784
0.0,1,0.7386111
1.0,1,0.8392713
0.0,1,0.6838259
1.0,0,0.46726736
1.0,1,0.81173325
0.0,0,0.4155922
1.0,1,0.6690251
1.0,1,0.88943064
0.0,0,0.095503524
1.0,1,0.90468603
0.0,1,0.86601406
1.0,1,0.9053371
0.0,0,0.088305704
1.0,1,0.65100884
1.0,1,0.7502796
0.0,0,0.32880968
1.0,0,0.46785593
1.0,1,0.8064485
1.0,1,0.9293159
1.0,1,0.7148867
1.0,1,0.7533677
1.0,1,0.91020733
0.0,0,0.2124295
0.0,0,0.05831046
1.0,1,0.9016963
0.0,0,0.051721595
1.0,1,0.74211407
1.0,1,0.9143783
1.0,1,0.8319428
1.0,1,0.8049373
0.0,1,0.6836052
0.0,0,0.10309925
1.0,1,0.7195925
0.0,1,0.6510175
1.0,1,0.8470176
0.0,1,0.75253564
0.0,0,0.18087603
0.0,0,0.05867177
1.0,1,0.81932354
0.0,0,0.08341206
1.0,1,0.84426713
0.0,0,0.059188895
1.0,1,0.59465504
1.0,1,0.9218905
0.0,1,0.7213733
1.0,1,0.89361244
1.0,1,0.91295564
1.0,1,0.63108957
1.0,0,0.44297594
1.0,1,0.79604816
0.0,0,0.23119928
0.0,1,0.56794745
0.0,0,0.13828143
1.0,0,0.18663263
0.0,1,0.8383732
1.0,1,0.91663647
0.0,1,0.83258206
1.0,1,0.8323046
1.0,1,0.8440783
0.0,0,0.22013637
0.0,1,0.69527924
1.0,0,0.19941618
0.0,0,0.06638478
1.0,1,0.92731774
1.0,1,0.9363196
1.0,0,0.073852964
1.0,1,0.85485494
1.0,1,0.9104438
1.0,1,0.8680027
0.0,0,0.117730774
0.0,1,0.88577795
1.0,1,0.81629014
1.0,1,0.6540842
0.0,0,0.099296995
1.0,1,0.87761396
1.0,0,0.098046534
0.0,1,0.6090302
0.0,0,0.060051605
0.0,0,0.059252087
0.0,1,0.89661616
1.0,1,0.74126506
0.0,1,0.74822587
0.0,1,0.89264774
1.0,1,0.60448915
1.0,1,0.91562724
1.0,1,0.9056036
1.0,1,0.677702
1.0,1,0.80254716
1.0,1,0.88860756
0.0,0,0.47712368
0.0,1,0.79804444
0.0,0,0.05228997
1.0,1,0.76510996
0.0,0,0.06631458
0.0,1,0.71440995
0.0,0,0.05819478
0.0,0,0.11009885
0.0,1,0.80201864
0.0,1,0.5783939
1.0,1,0.8506214
0.0,1,0.76589435
1.0,1,0.8577064
0.0,1,0.6849961
0.0,1,0.7959499
0.0,1,0.7773676
1.0,0,0.43891677
1.0,1,0.86631143
0.0,1,0.84518385
1.0,1,0.7224974
1.0,1,0.72862935
1.0,0,0.14390607
1.0,1,0.8423829
0.0,0,0.06997186
0.0,0,0.48780313
1.0,1,0.80462986
1.0,1,0.849634
1.0,1,0.6913032
1.0,1,0.9030422
0.0,0,0.05893948
1.0,1,0.5629723
0.0,1,0.6825339
1.0,1,0.6321227
1.0,0,0.23426558
0.0,1,0.68441206
1.0,1,0.80962795
0.0,0,0.07229661
1.0,1,0.7420777
0.0,1,0.71240544
1.0,1,0.60124934
0.0,1,0.7395976
1.0,1,0.6840868
0.0,1,0.64616776
1.0,1,0.735668
0.0,0,0.054695155
1.0,1,0.93131804
1.0,1,0.92366123
0.0,1,0.8738451
1.0,1,0.6571702
0.0,0,0.20452347
0.0,1,0.7524049
0.0,1,0.65862274
0.0,0,0.23417078
0.0,0,0.3414819
1.0,1,0.9224253
0.0,0,0.066549756
1.0,1,0.8192939
1.0,1,0.905631
0.0,1,0.65551454
1.0,1,0.8456718
1.0,1,0.7294769
1.0,1,0.7874946
1.0,0,0.49889943
1.0,1,0.8558833
1.0,0,0.21848668
0.0,0,0.09181386
1.0,0,0.059922
0.0,0,0.055894714
1.0,1,0.84864056
1.0,1,0.93045706
0.0,1,0.8468797
1.0,1,0.84779
1.0,1,0.88544446
1.0,1,0.78654647
1.0,1,0.89408445
1.0,1,0.8466598
1.0,1,0.9303457
0.0,0,0.06776345
1.0,0,0.24561198
1.0,1,0.93299776
0.0,0,0.07505923
0.0,0,0.04955576
1.0,1,0.82410866
0.0,1,0.82976985
0.0,1,0.52502775
0.0,1,0.9049448
0.0,0,0.3343338
1.0,1,0.9184994
1.0,1,0.7911479
1.0,1,0.9239953
1.0,1,0.81929344
1.0,1,0.6860775
1.0,1,0.7572477
0.0,1,0.8150001
1.0,1,0.8908247
1.0,1,0.62963575
0.0,1,0.8387317
1.0,1,0.7299563
1.0,0,0.08582945
1.0,0,0.13112465
1.0,1,0.79249305
1.0,1,0.8573553
1.0,1,0.9207182
0.0,1,0.6689427
0.0,0,0.053120542
1.0,1,0.76210093
1.0,1,0.68018746
0.0,0,0.068234056
1.0,1,0.71865904
1.0,1,0.9214512
0.0,0,0.05479578
0.0,0,0.11643948
0.0,0,0.20168863
1.0,1,0.9100279
0.0,1,0.78532565
1.0,1,0.7639216
1.0,1,0.82911
1.0,0,0.22901678
1.0,1,0.8401541
0.0,0,0.06929822
0.0,0,0.13874075
0.0,0,0.12985255
1.0,0,0.08873088
0.0,0,0.11884997
1.0,1,0.9239765
1.0,0,0.4366804
1.0,0,0.3685354
0.0,0,0.06309124
0.0,0,0.10179163
0.0,1,0.822503
0.0,0,0.24491885
0.0,0,0.057954565
1.0,1,0.86098623
0.0,1,0.6989149
1.0,1,0.8858746
1.0,1,0.9275522
1.0,1,0.8734864
1.0,1,0.9054079
1.0,1,0.83925724
1.0,1,0.6583672
1.0,1,0.90885144
1.0,1,0.72699296
0.0,0,0.0638831
1.0,0,0.091261044
1.0,1,0.58809656
0.0,1,0.6469202
0.0,0,0.051250525
1.0,0,0.087814905
1.0,1,0.9328024
1.0,0,0.20628637
1.0,1,0.86070275
1.0,1,0.5450438
0.0,1,0.73199123
1.0,1,0.8468004
1.0,1,0.6549934
0.0,1,0.69373304
1.0,1,0.74295175
0.0,0,0.05491631
0.0,0,0.05320088
1.0,1,0.61520493
0.0,1,0.507833
0.0,0,0.107857004
0.0,0,0.21539858
1.0,1,0.67434424
1.0,0,0.067585155
0.0,1,0.78675365
1.0,1,0.7452515
1.0,1,0.86200887
1.0,1,0.6835762
1.0,1,0.8694975
1.0,1,0.8354385
1.0,0,0.1005991
1.0,1,0.56986094
1.0,1,0.7886174
1.0,1,0.76241225
1.0,0,0.47968486
1.0,0,0.36976835
1.0,1,0.7973459
1.0,1,0.8802814
0.0,1,0.50180346
0.0,1,0.51408106
0.0,1,0.91007906
0.0,0,0.11981625
0.0,1,0.7683293
0.0,1,0.5901754
0.0,1,0.8872924
1.0,1,0.91828674
0.0,0,0.1591525
0.0,1,0.9050254
0.0,1,0.7106645
1.0,0,0.33164147
0.0,0,0.129684
0.0,0,0.052468523
1.0,1,0.8755963
1.0,1,0.7662326
1.0,1,0.8554026
0.0,0,0.07210497
1.0,1,0.86010975
1.0,1,0.78062445
1.0,1,0.8048533
0.0,0,0.20929895
1.0,1,0.64580256
1.0,1,0.8438959
0.0,1,0.86205727
0.0,0,0.059790555
1.0,0,0.42572197
1.0,1,0.9053691
0.0,1,0.72796917
0.0,0,0.06449926
1.0,0,0.4887212
1.0,1,0.92485726
0.0,0,0.49506366
1.0,1,0.7700325
0.0,1,0.8179423
0.0,1,0.76867074
0.0,0,0.23834883
1.0,0,0.17606206
1.0,1,0.84059787
1.0,0,0.38901654
0.0,1,0.5288189
1.0,1,0.8829108
0.0,0,0.382836
0.0,1,0.64671206
1.0,1,0.8111608
0.0,1,0.6761628
1.0,0,0.07561285
1.0,1,0.8215323
1.0,1,0.795501
1.0,1,0.83486605
1.0,1,0.81155616
0.0,0,0.4698609
1.0,0,0.49071488
0.0,0,0.29129028
1.0,1,0.9137287
0.0,1,0.7989119
1.0,1,0.87522775
0.0,0,0.09884652
1.0,1,0.5587133
1.0,1,0.9081352
1.0,1,0.7902317
1.0,1,0.8953206
1.0,0,0.44216362
1.0,1,0.8143905
0.0,0,0.1305125
1.0,1,0.931347
1.0,1,0.65943176
0.0,0,0.08272227
0.0,1,0.5067683
1.0,1,0.7710242
0.0,0,0.23724422
1.0,0,0.39786145
0.0,1,0.68448484
1.0,1,0.90378445
1.0,1,0.87613106
1.0,1,0.8362526
1.0,1,0.8192177
1.0,0,0.1268325
1.0,1,0.8689159
1.0,1,0.8992766
0.0,0,0.07594909
1.0,1,0.69117236
1.0,1,0.81918675
0.0,0,0.08966283
1.0,1,0.8451792
1.0,1,0.8840633
0.0,0,0.26389557
1.0,1,0.91764855
1.0,1,0.79238707
0.0,1,0.5467546
1.0,0,0.07552529
0.0,1,0.88518435
0.0,0,0.25640708
0.0,1,0.6356264
1.0,1,0.92759067
0.0,0,0.086966336
0.0,0,0.07484608
0.0,0,0.22430307
0.0,0,0.05727634
0.0,0,0.12896612
1.0,0,0.37416363
0.0,0,0.12460764
1.0,1,0.8168728
0.0,0,0.05095169
0.0,0,0.087503985
1.0,1,0.71817213
1.0,0,0.0718926
1.0,1,0.83430386
1.0,1,0.6080626
0.0,0,0.14487773
1.0,1,0.74099535
1.0,1,0.9243687
1.0,1,0.62825096
0.0,1,0.90073895
0.0,1,0.73584616
0.0,0,0.3294744
0.0,1,0.852478
0.0,0,0.06264799
1.0,0,0.088799514
1.0,1,0.7964968
0.0,1,0.5651778
1.0,1,0.64521205
0.0,0,0.18061426
1.0,1,0.5335083
1.0,1,0.6835565
1.0,1,0.8671527
0.0,0,0.09127166
1.0,0,0.1818703
0.0,0,0.05423344
0.0,1,0.8188723
1.0,0,0.34623563
0.0,1,0.6398802
1.0,1,0.64594567
1.0,1,0.62850636
1.0,0,0.35266218
0.0,0,0.16930363
0.0,1,0.8965074
1.0,1,0.89901054
1.0,1,0.91033554
1.0,0,0.24437703
0.0,0,0.12966105
1.0,1,0.86362755
1.0,1,0.8004197
0.0,0,0.11233192
1.0,1,0.92224574
1.0,1,0.9347194
1.0,1,0.8028761
1.0,1,0.72234094
0.0,0,0.072728395
1.0,0,0.23742948
1.0,1,0.91806364
0.0,0,0.057109732
1.0,1,0.7133856
0.0,0,0.39533585
1.0,1,0.92118084
0.0,0,0.3311474
0.0,1,0.8194548
1.0,1,0.9042388
1.0,1,0.9297301
1.0,0,0.25200093
0.0,0,0.08290104
0.0,0,0.49824226
1.0,1,0.86501807
1.0,1,0.9266217
0.0,0,0.16214359
1.0,0,0.45714524
0.0,0,0.081725106
1.0,1,0.8105576
1.0,0,0.45051882
1.0,1,0.78116107
1.0,0,0.3772359
1.0,1,0.8392638
0.0,1,0.9093079
1.0,1,0.5144572
0.0,0,0.27592656
1.0,0,0.29787055
0.0,1,0.505699
1.0,1,0.70594907
1.0,1,0.8192608
1.0,1,0.76878214
0.0,0,0.207051
0.0,1,0.65500724
0.0,0,0.2820192
1.0,1,0.7024952
0.0,1,0.73552305
1.0,1,0.74253416
1.0,1,0.77668464
1.0,0,0.18714003
0.0,0,0.056213383
1.0,1,0.8868678
0.0,0,0.22187614
1.0,1,0.75660825
1.0,0,0.26409674
0.0,0,0.16591732
1.0,1,0.84742564
1.0,1,0.8455179
0.0,0,0.13754246
1.0,1,0.7462183
1.0,0,0.13434309
1.0,1,0.8815249
1.0,1,0.76579744
1.0,1,0.8867252
1.0,1,0.9287848
0.0,0,0.08543601
1.0,1,0.82166916
0.0,0,0.13283499
1.0,0,0.44979343
1.0,1,0.8367936
0.0,0,0.1238833
1.0,1,0.8270184
1.0,1,0.79184693
0.0,1,0.87093496
1.0,1,0.83563316
1.0,1,0.79812264
0.0,0,0.32325715
1.0,1,0.9243628
1.0,0,0.2246647
1.0,1,0.89308214
1.0,1,0.51028055
0.0,1,0.62986284
0.0,1,0.5784308
1.0,1,0.7516911
0.0,0,0.07127065
0.0,1,0.83008265
0.0,0,0.3138867
1.0,1,0.83193076
0.0,0,0.064606786
0.0,0,0.41460255
0.0,1,0.8000935
1.0,1,0.7930981
1.0,1,0.8382541
1.0,1,0.72779095
1.0,1,0.79140574
1.0,1,0.6877679
1.0,1,0.8165659
1.0,1,0.75213945
1.0,0,0.3886851
1.0,1,0.8215577
1.0,1,0.80084157
1.0,1,0.8469022
0.0,1,0.7343161
0.0,0,0.39125153
1.0,1,0.9168392
0.0,0,0.2455835
1.0,0,0.17741138
0.0,1,0.6375369
0.0,0,0.096666336
1.0,1,0.67049956
1.0,1,0.8055191
0.0,0,0.087164104
0.0,0,0.32007262
0.0,1,0.7284617
0.0,1,0.7457521
1.0,1,0.8668091
1.0,1,0.8260114
0.0,0,0.10464317
0.0,0,0.42957878
1.0,1,0.9209816
1.0,1,0.8453871
0.0,1,0.6834725
0.0,1,0.70948744
1.0,1,0.8918843
1.0,1,0.8308378
0.0,0,0.35049662
1.0,0,0.076521434
1.0,0,0.47534084
1.0,1,0.88298655
1.0,1,0.7125163
1.0,0,0.065717205
0.0,0,0.071931764
1.0,1,0.87582123
1.0,1,0.8243675
1.0,1,0.6828244
1.0,0,0.116638355
0.0,0,0.14896959
0.0,0,0.08262895
1.0,0,0.10312335
0.0,1,0.51233876
1.0,1,0.8567652
1.0,1,0.8908574
1.0,1,0.7090818
1.0,0,0.43364143
0.0,1,0.77929014
1.0,1,0.86876196
1.0,1,0.6670955
1.0,1,0.79492515
1.0,1,0.826571
1.0,1,0.8097643
1.0,1,0.9023455
1.0,1,0.871152
1.0,1,0.8126211
1.0,1,0.9233751
1.0,1,0.8771735
1.0,1,0.88584334
0.0,1,0.89831823
1.0,1,0.6796094
0.0,0,0.05370753
0.0,0,0.071593605
1.0,1,0.7326794
1.0,1,0.6528458
1.0,1,0.8211724
1.0,1,0.7017104
0.0,1,0.55004156
1.0,1,0.6197217
1.0,1,0.9051697
1.0,1,0.89594114
0.0,0,0.085502714
1.0,1,0.91775554
0.0,0,0.13307111
0.0,0,0.05290657
0.0,1,0.91396224
0.0,0,0.47555992
1.0,1,0.58158803
0.0,0,0.051507823
0.0,0,0.051448744
1.0,1,0.7965899
0.0,1,0.6813909
1.0,1,0.8887946
0.0,0,0.08066359
0.0,0,0.12211622
1.0,1,0.8176625
0.0,1,0.78991574
1.0,1,0.91084677
0.0,1,0.7198242
0.0,1,0.61755705
1.0,1,0.9262631
1.0,1,0.5487298
1.0,1,0.9214212
1.0,1,0.77162224
1.0,1,0.7479399
1.0,1,0.79848486
1.0,1,0.81939924
1.0,1,0.92348915
1.0,1,0.92760813
0.0,0,0.08995305
1.0,1,0.7478847
1.0,1,0.87760836
1.0,1,0.89271206
1.0,0,0.3273773
0.0,0,0.45217502
1.0,1,0.9118574
0.0,1,0.83732367
0.0,0,0.07839868
0.0,0,0.13436769
1.0,1,0.86597776
0.0,0,0.17423274
1.0,1,0.80718505
1.0,0,0.065693684
0.0,1,0.5264766
0.0,0,0.050475296
1.0,1,0.7951683
1.0,0,0.05528766
1.0,1,0.8093255
0.0,1,0.86949563
1.0,0,0.44709837
1.0,0,0.36810222
1.0,1,0.91188806
1.0,1,0.9146138
1.0,1,0.9200779
1.0,1,0.82247317
1.0,0,0.39408717
1.0,1,0.8940635
1.0,1,0.5997776
1.0,1,0.604869
0.0,0,0.1722427
0.0,1,0.6069815
1.0,1,0.876441
0.0,1,0.7919913
0.0,0,0.21041137
0.0,1,0.69669235
1.0,1,0.8447544
0.0,0,0.34452695
1.0,1,0.897141
0.0,1,0.5034455
1.0,1,0.7110019
1.0,1,0.57685983
0.0,0,0.42029083
0.0,0,0.10821735
1.0,1,0.6636732
0.0,1,0.89136297
1.0,1,0.8284167
0.0,0,0.21290961
0.0,1,0.6049141
1.0,0,0.3488766
1.0,0,0.41784078
1.0,1,0.821918
1.0,1,0.91919523
1.0,1,0.8550668
0.0,1,0.8374673
0.0,1,0.891352
0.0,0,0.05725829
1.0,1,0.81839186
0.0,1,0.5917518
1.0,1,0.7450275
0.0,1,0.80043846
1.0,0,0.26868036
1.0,1,0.8706887
1.0,0,0.098467164
0.0,1,0.54261947
1.0,1,0.5860846
1.0,1,0.8973545
1.0,1,0.88592243
1.0,1,0.86349547
1.0,1,0.8456577
0.0,0,0.2770924
1.0,1,0.8276219
1.0,1,0.7834207
0.0,0,0.050804872
1.0,1,0.7627988
1.0,1,0.7509241
1.0,1,0.6092313
0.0,1,0.82254446
0.0,1,0.88931805
0.0,1,0.8750527
0.0,0,0.3102672
1.0,1,0.9069135
0.0,0,0.06980516
1.0,1,0.80436665
1.0,1,0.83433753
1.0,1,0.9011757
1.0,1,0.89419216
1.0,1,0.839855
0.0,1,0.8349173
0.0,1,0.6042457
0.0,1,0.8943442
1.0,1,0.9266043
1.0,1,0.8830794
1.0,1,0.694709
1.0,1,0.57760763
1.0,1,0.8524944
1.0,1,0.8412233
0.0,0,0.08753133
1.0,0,0.07222352
1.0,1,0.70825964
0.0,1,0.81094915
1.0,0,0.16381559
1.0,1,0.91344446
1.0,0,0.07282137
0.0,0,0.11948822
0.0,0,0.06334252
1.0,1,0.7753075
1.0,1,0.8812485
1.0,1,0.9251903
0.0,1,0.79527557
1.0,1,0.8891346
0.0,0,0.21630466
1.0,1,0.76672965
1.0,0,0.41308066
1.0,1,0.7993727
1.0,1,0.78559655
0.0,0,0.47891182
0.0,1,0.79534584
1.0,1,0.71385896
0.0,1,0.79239506
0.0,1,0.8219843
0.0,0,0.42278042
0.0,1,0.80028844
0.0,1,0.8959351
1.0,0,0.41895664
1.0,1,0.84012073
1.0,1,0.76292324
0.0,0,0.06404742
1.0,1,0.781747
1.0,1,0.92866266
1.0,1,0.64331436
1.0,1,0.8559254
1.0,1,0.9164892
1.0,1,0.8359606
1.0,0,0.05345786
1.0,1,0.6835048
1.0,1,0.72567034
0.0,1,0.7033488
1.0,1,0.82813555
1.0,1,0.7029888
0.0,0,0.17590083
1.0,1,0.80482435
0.0,1,0.79343116
0.0,0,0.30348706
0.0,1,0.5177419
1.0,1,0.8645621
1.0,1,0.9255754
1.0,1,0.5482842
0.0,0,0.06341524
0.0,0,0.13271084
1.0,1,0.778615
1.0,0,0.13636793
1.0,1,0.86415255
0.0,1,0.6486407
1.0,1,0.91929084
0.0,1,0.50580126
1.0,1,0.734952
0.0,1,0.7363673
1.0,0,0.48495108
1.0,1,0.75211793
1.0,1,0.8051028
0.0,1,0.84077674
0.0,1,0.62147844
1.0,1,0.86428034
0.0,0,0.3423713
1.0,0,0.39190814
1.0,1,0.6516938
1.0,1,0.8211383
1.0,0,0.3251834
0.0,0,0.08894666
1.0,1,0.90902674
1.0,0,0.35769448
1.0,1,0.73064077
0.0,1,0.5846862
1.0,1,0.5644248
0.0,0,0.052786108
1.0,1,0.9095182
1.0,1,0.9210912
0.0,0,0.102476954
1.0,1,0.6044552
0.0,1,0.7164307
1.0,1,0.8472725
0.0,1,0.92306036
1.0,1,0.774889
0.0,0,0.108544506
0.0,0,0.082405
1.0,1,0.7028617
1.0,1,0.8925637
1.0,1,0.8587776
1.0,1,0.9147231
1.0,1,0.8302578
1.0,1,0.73557824
0.0,0,0.07569725
1.0,1,0.8362579
0.0,1,0.90027475
0.0,0,0.07523879
0.0,0,0.0839108
1.0,1,0.56549317
1.0,1,0.8670489
0.0,1,0.8429442
1.0,1,0.5212195
1.0,1,0.840638
0.0,0,0.07601489
0.0,0,0.13267836
0.0,0,0.15300307
1.0,0,0.4650026
1.0,1,0.5131487
0.0,1,0.6065115
1.0,1,0.9158069
1.0,1,0.92273664
0.0,1,0.6512957
1.0,1,0.79268587
0.0,1,0.73423314
0.0,1,0.5908307
1.0,1,0.8629267
1.0,1,0.6139325
1.0,1,0.8771332
0.0,1,0.72420734
1.0,1,0.88692945
0.0,0,0.12186923
0.0,0,0.10022525
1.0,1,0.76866674
1.0,1,0.73181766
1.0,1,0.85736126
1.0,1,0.84296733
1.0,1,0.8735095
1.0,1,0.68632984
1.0,1,0.6798671
1.0,1,0.87233555
0.0,1,0.5388247
1.0,1,0.7694259
1.0,1,0.8090838
1.0,1,0.8206583
1.0,1,0.6664488
1.0,0,0.2798029
1.0,1,0.9300372
0.0,0,0.11841272
0.0,0,0.49577153
1.0,1,0.9250948
0.0,0,0.083841
0.0,0,0.07184541
1.0,1,0.7348796
0.0,0,0.07050369
1.0,1,0.8803899
1.0,0,0.2400641
1.0,1,0.795424
1.0,1,0.91103905
1.0,1,0.90756494
1.0,1,0.82877135
1.0,1,0.8137384
0.0,0,0.10786943
0.0,0,0.05780465
1.0,1,0.8509042
1.0,1,0.9001162
1.0,1,0.81920785
0.0,1,0.6834635
1.0,0,0.47219095
1.0,1,0.84477186
0.0,1,0.8737379
1.0,1,0.9260066
0.0,0,0.14386609
1.0,1,0.80566096
1.0,1,0.83508265
0.0,0,0.20891777
1.0,1,0.66341466
0.0,1,0.6680883
1.0,1,0.9280654
1.0,1,0.75784594
1.0,1,0.855388
0.0,0,0.064408876
1.0,1,0.67372864
0.0,0,0.17179401
1.0,1,0.91289294
1.0,0,0.10952713
0.0,0,0.46320903
1.0,0,0.32764235
1.0,1,0.78023005
1.0,1,0.59891003
0.0,1,0.655161
0.0,0,0.21716037
1.0,1,0.7908249
0.0,0,0.06853598
1.0,1,0.90522814
1.0,1,0.92500925
0.0,0,0.054876097
0.0,0,0.09226613
1.0,1,0.530125
0.0,0,0.18639177
0.0,0,0.09356333
0.0,0,0.4626638
1.0,1,0.9151361
1.0,0,0.23567133
1.0,1,0.8148187
0.0,1,0.71214795
1.0,1,0.82811695
0.0,1,0.8748763
0.0,1,0.79933727
1.0,1,0.5654528
0.0,1,0.6813447
1.0,1,0.73054683
1.0,1,0.84519535
1.0,0,0.47466177
1.0,1,0.67852163
1.0,1,0.58803374
1.0,1,0.72708225
1.0,0,0.34803766
1.0,1,0.6275356
1.0,1,0.76538104
0.0,1,0.61323303
1.0,1,0.7742715
0.0,0,0.2419257
1.0,1,0.87297225
1.0,1,0.9148938
0.0,1,0.7665273
0.0,0,0.09780595
1.0,0,0.25760144
0.0,1,0.65998226
0.0,1,0.9239586
1.0,1,0.78209597
1.0,1,0.8180462
0.0,1,0.8158125
1.0,1,0.53457105
0.0,1,0.68355024
0.0,0,0.05140359
0.0,0,0.07799587
0.0,0,0.39091268
1.0,1,0.88813233
1.0,1,0.85942864
1.0,1,0.92236793
1.0,1,0.7746985
1.0,1,0.91018194
1.0,1,0.7645152
0.0,1,0.7334098
0.0,0,0.1569397
1.0,1,0.8466067
0.0,0,0.22333136
1.0,0,0.05842282
1.0,1,0.88052344
1.0,1,0.51686174
1.0,1,0.84500813
1.0,1,0.92177266
1.0,1,0.82594836
0.0,0,0.20795994
0.0,0,0.12234261
0.0,0,0.11087945
1.0,1,0.847095
1.0,1,0.76871043
0.0,0,0.15842962
1.0,1,0.81895536
0.0,0,0.3046989
1.0,1,0.8633279
0.0,1,0.7174143
1.0,1,0.64974123
1.0,1,0.84644604
1.0,1,0.66346776
1.0,1,0.90616345
1.0,0,0.10589988
1.0,1,0.5649709
0.0,0,0.32772857
1.0,1,0.87445223
0.0,1,0.8529215
1.0,1,0.53779286
1.0,1,0.59306645
1.0,1,0.7075801
1.0,1,0.62435305
1.0,1,0.8418607
0.0,0,0.05726911
0.0,1,0.77035314
0.0,1,0.8506497
0.0,0,0.087874316
1.0,1,0.8881393
1.0,1,0.8812265
0.0,0,0.31584167
1.0,1,0.906162
1.0,1,0.92458206
1.0,1,0.8315302
0.0,0,0.06312235
1.0,1,0.9057803
1.0,1,0.8126239
1.0,1,0.8054724
0.0,1,0.6835878
1.0,1,0.91469383
0.0,0,0.06937118
0.0,0,0.3287655
1.0,1,0.85836995
0.0,0,0.1252759
1.0,1,0.8603952
1.0,1,0.9150815
0.0,1,0.8322949
1.0,1,0.88516724
1.0,0,0.08520309
0.0,0,0.063178755
1.0,1,0.6181006
1.0,1,0.61278033
0.0,0,0.47598937
0.0,1,0.51550704
1.0,1,0.9201133
1.0,1,0.8974306
0.0,1,0.75342536
1.0,1,0.89717126
1.0,1,0.8285103
1.0,0,0.3574801
1.0,1,0.7724808
0.0,1,0.6748915
1.0,1,0.6440642
1.0,0,0.35785568
1.0,1,0.770065
0.0,0,0.10360169
1.0,1,0.9134589
1.0,1,0.8520693
0.0,0,0.17792134
1.0,1,0.9273337
1.0,1,0.8239953
0.0,1,0.89143914
1.0,1,0.9116665
0.0,0,0.07918661
0.0,0,0.060562942
1.0,1,0.9030861
0.0,1,0.7432778
1.0,1,0.77563834
1.0,1,0.8861784
0.0,0,0.063659124
0.0,0,0.23641714
0.0,1,0.917836
1.0,1,0.90326756
0.0,1,0.6496279
1.0,1,0.8279493
1.0,1,0.78545266
0.0,1,0.8497525
0.0,0,0.06430112
1.0,1,0.8433969
0.0,1,0.8256677
1.0,1,0.83694935
0.0,1,0.7715264
1.0,1,0.85051125
1.0,1,0.90818244
1.0,1,0.86364293
0.0,1,0.8961401
0.0,0,0.12555844
1.0,0,0.4751392
1.0,1,0.8558955
1.0,1,0.7687485
1.0,1,0.89986646
0.0,1,0.5346179
0.0,0,0.3832948
0.0,0,0.1583119
0.0,0,0.18464847
1.0,1,0.8750367
1.0,1,0.7556691
1.0,0,0.31479946
1.0,1,0.8008562
1.0,1,0.9130385
1.0,1,0.8910394
0.0,0,0.23004065
1.0,0,0.4969402
1.0,1,0.79017746
1.0,1,0.91419435
1.0,1,0.6488939
1.0,1,0.8152725
1.0,1,0.64230704
0.0,0,0.05987984
1.0,1,0.90332586
1.0,1,0.7620807
1.0,1,0.73568183
0.0,1,0.69339406
1.0,1,0.9163413
1.0,1,0.9042674
1.0,1,0.718247
1.0,1,0.920023
1.0,1,0.9255373
0.0,1,0.5026596
1.0,1,0.7729289
1.0,1,0.6854636
1.0,1,0.80346125
1.0,1,0.5906839
0.0,1,0.73186094
0.0,1,0.89529645
1.0,1,0.72031707
0.0,1,0.8877389
0.0,0,0.053669687
1.0,1,0.85379755
1.0,1,0.84368616
1.0,1,0.8546105
1.0,1,0.6319898
1.0,1,0.9169542
1.0,1,0.72713214
0.0,1,0.7817857
1.0,1,0.8736226
1.0,1,0.8868579
1.0,0,0.37566137
0.0,0,0.46341434
1.0,1,0.8617653
1.0,1,0.7902339
1.0,0,0.20551598
1.0,1,0.8841339
0.0,0,0.120758474
1.0,1,0.5602188
1.0,1,0.79708314
0.0,0,0.16599572
0.0,0,0.111465596
1.0,1,0.6490808
1.0,1,0.90365064
1.0,0,0.1612011
0.0,1,0.5190743
1.0,1,0.86688334
0.0,1,0.6927015
0.0,0,0.07058361
0.0,0,0.18437275
1.0,0,0.121339664
1.0,1,0.72212684
1.0,1,0.73412746
1.0,1,0.9078765
0.0,1,0.7365212
1.0,1,0.83835065
1.0,1,0.7671126
0.0,0,0.47370806
1.0,1,0.8657387
0.0,1,0.5212704
1.0,1,0.85527086
1.0,1,0.51716745
1.0,1,0.68507296
1.0,0,0.14739797
0.0,0,0.35623834
0.0,0,0.123130284
1.0,1,0.74401826
1.0,1,0.9235767
0.0,0,0.056574788
1.0,1,0.6059016
1.0,1,0.89130217
1.0,1,0.92810607
1.0,1,0.85534424
0.0,0,0.21600607
0.0,0,0.29852578
1.0,1,0.864245
1.0,1,0.65936047
1.0,1,0.84530634
1.0,1,0.8929067
0.0,0,0.1265702
0.0,0,0.056933604
1.0,1,0.87275237
1.0,1,0.9191864
1.0,1,0.745175
1.0,1,0.82790947
0.0,1,0.8063151
1.0,1,0.7427562
0.0,0,0.12515551
0.0,1,0.7232638
1.0,1,0.81792694
0.0,0,0.053491976
0.0,0,0.13963483
0.0,0,0.13262464
0.0,1,0.865023
1.0,1,0.8700297
0.0,0,0.055412367
0.0,0,0.059675407
1.0,0,0.40081647
0.0,0,0.37534335
0.0,0,0.4268937
0.0,0,0.066375956
1.0,1,0.8785112
1.0,1,0.86141956
1.0,1,0.6816628
0.0,0,0.05180363
1.0,1,0.81763715
1.0,1,0.7194116
1.0,0,0.23964374
0.0,0,0.057760656
1.0,1,0.80867475
1.0,0,0.20089191
0.0,0,0.13191067
1.0,1,0.89794743
1.0,0,0.3997397
1.0,1,0.77409303
1.0,1,0.8319225
0.0,1,0.6323954
0.0,0,0.081844024
1.0,1,0.70227796
0.0,0,0.05359796
1.0,1,0.80002624
0.0,0,0.063459605
0.0,1,0.8275784
1.0,1,0.61438465
0.0,0,0.06398103
0.0,1,0.8299794
1.0,1,0.5458197
1.0,1,0.7803967
0.0,0,0.1512962
1.0,1,0.9098214
1.0,1,0.7295988
0.0,1,0.7926866
1.0,0,0.33965248
0.0,1,0.88474107
1.0,1,0.8492106
1.0,1,0.83655775
1.0,1,0.8398918
1.0,1,0.8870212
1.0,1,0.51240057
1.0,1,0.66891843
1.0,1,0.6560831
0.0,1,0.8397928
1.0,1,0.8834209
1.0,0,0.4956973
0.0,1,0.67634344
1.0,0,0.19829363
1.0,0,0.36908227
0.0,0,0.084307514
0.0,1,0.68627286
0.0,0,0.16648157
0.0,0,0.069302455
0.0,0,0.118631124
0.0,0,0.13285102
1.0,0,0.40001938
1.0,1,0.9087389
0.0,1,0.80150247
1.0,1,0.8634704
0.0,0,0.063077636
1.0,1,0.67728686
1.0,1,0.86434126
0.0,0,0.12537812
1.0,1,0.827035
1.0,1,0.8010758
0.0,0,0.055400867
1.0,1,0.8273893
0.0,0,0.09128643
0.0,0,0.050114788
1.0,1,0.77009517
1.0,1,0.8468212
1.0,1,0.5707522
1.0,1,0.86255884
1.0,1,0.83547
1.0,1,0.7039919
0.0,1,0.9172259
1.0,1,0.7983807
1.0,1,0.6076903
0.0,1,0.8280877
1.0,1,0.9024642
1.0,1,0.72847545
1.0,1,0.9163992
1.0,1,0.8361747
0.0,0,0.05284499
1.0,0,0.13610104
1.0,1,0.91333336
0.0,1,0.6978878
1.0,1,0.5248048
0.0,0,0.07536251
0.0,0,0.05575861
1.0,0,0.14397845
0.0,0,0.053401507
0.0,0,0.07293534
0.0,0,0.12532869
1.0,1,0.6812626
1.0,0,0.08152079
1.0,1,0.59606487
0.0,1,0.68590134
0.0,0,0.06457491
1.0,0,0.42631653
0.0,1,0.7766207
1.0,1,0.92738485
1.0,1,0.61619663
1.0,1,0.8281439
0.0,1,0.7255965
1.0,1,0.81074804
0.0,1,0.68930054
1.0,0,0.22398329
1.0,1,0.52161175
1.0,0,0.29920003
1.0,1,0.8950965
1.0,1,0.82709897
1.0,1,0.79560775
1.0,0,0.265281
0.0,0,0.12365502
0.0,1,0.84246564
0.0,0,0.43792748
0.0,0,0.20508151
1.0,1,0.6928912
1.0,1,0.87629807
1.0,0,0.4972465
0.0,1,0.88017833
0.0,0,0.4589064
1.0,1,0.8924696
1.0,1,0.8316091
1.0,1,0.88863736
1.0,0,0.30506667
1.0,1,0.819382
0.0,0,0.053813145
0.0,0,0.063759655
1.0,0,0.3966029
1.0,1,0.9292097
0.0,1,0.73880583
1.0,0,0.106869474
0.0,0,0.110186115
1.0,1,0.74327826
0.0,0,0.10271768
1.0,1,0.9339224
1.0,1,0.91820186
1.0,1,0.5821315
0.0,1,0.8486895
1.0,1,0.52677053
1.0,1,0.701739
1.0,1,0.86553824
0.0,0,0.2467795
0.0,1,0.81066257
1.0,1,0.8559436
0.0,1,0.7989187
1.0,0,0.23735084
1.0,1,0.92783856
0.0,0,0.054068837
1.0,0,0.40466365
1.0,1,0.7549281
0.0,0,0.25160772
0.0,0,0.39255047
1.0,1,0.848399
0.0,1,0.8500081
1.0,1,0.8169903
1.0,1,0.80468905
1.0,1,0.8770559
1.0,1,0.7386008
1.0,1,0.65908664
0.0,1,0.61034596
1.0,1,0.68731177
1.0,1,0.8471924
0.0,0,0.13110492
1.0,0,0.3458729
1.0,1,0.8296615
1.0,1,0.840529
0.0,0,0.17971712
1.0,1,0.81843233
0.0,0,0.32914004
1.0,1,0.89201146
1.0,1,0.80767673
0.0,1,0.7881052
1.0,1,0.7321938
1.0,0,0.2915261
1.0,1,0.732267
1.0,1,0.8950858
1.0,0,0.13267197
1.0,1,0.8975203
0.0,1,0.51528627
0.0,0,0.21539782
1.0,1,0.76668155
1.0,1,0.9148442
1.0,1,0.9202265
1.0,1,0.87467426
1.0,1,0.9162093
0.0,0,0.058544625
0.0,1,0.8149191
0.0,0,0.29421926
0.0,0,0.071315154
0.0,1,0.88225317
1.0,1,0.8332684
0.0,1,0.6831804
0.0,0,0.07981399
0.0,1,0.7611699
1.0,1,0.8587524
0.0,0,0.43050638
1.0,1,0.87222534
1.0,1,0.8275553
0.0,0,0.14298682
0.0,1,0.61980647
0.0,0,0.08551185
1.0,1,0.7077373
1.0,1,0.604211
0.0,1,0.8541522
1.0,1,0.75176895
0.0,0,0.10300524
1.0,1,0.6044112
0.0,1,0.8435758
1.0,1,0.87712777
1.0,1,0.6152183
1.0,1,0.764443
1.0,1,0.8222536
1.0,1,0.9139242
1.0,1,0.83380926
1.0,1,0.89120454
1.0,1,0.77913094
0.0,0,0.11618523
1.0,0,0.14234027
1.0,1,0.7093827
1.0,1,0.9099587
0.0,1,0.8433527
1.0,0,0.3283313
1.0,1,0.81525147
0.0,0,0.08523502
1.0,1,0.92331034
1.0,1,0.79598385
0.0,1,0.7673902
1.0,1,0.9303369
0.0,0,0.24980673
0.0,0,0.3303382
0.0,0,0.21808916
0.0,0,0.078048326
0.0,1,0.9115241
1.0,1,0.7326636
0.0,1,0.7618714
1.0,1,0.8335941
1.0,1,0.795452
0.0,0,0.095442995
0.0,0,0.054877225
0.0,1,0.7689603
1.0,1,0.8192536
1.0,1,0.8013947
1.0,1,0.76096046
1.0,1,0.87919676
0.0,1,0.52745813
0.0,0,0.09810316
0.0,0,0.07278608
1.0,1,0.9211685
1.0,1,0.8646429
0.0,1,0.78291625
1.0,1,0.9313893
1.0,1,0.8151342
1.0,1,0.8269394
1.0,1,0.5077162
1.0,1,0.8935088
0.0,1,0.8887962
1.0,1,0.78138894
0.0,0,0.08301998
0.0,1,0.6835266
1.0,1,0.8997158
1.0,1,0.8217247
1.0,1,0.92591953
1.0,1,0.89240456
1.0,1,0.58958817
1.0,0,0.16487171
1.0,1,0.74700534
1.0,1,0.727066
0.0,1,0.826437
1.0,0,0.35192975
1.0,1,0.62211037
0.0,0,0.16220602
1.0,1,0.9210262
0.0,0,0.089874275
1.0,0,0.38735414
0.0,0,0.34497744
0.0,1,0.51401687
1.0,1,0.7216318
1.0,1,0.8065044
1.0,1,0.9275878
1.0,1,0.9008356
1.0,1,0.5846593
1.0,0,0.43128577
1.0,1,0.7619668
1.0,0,0.26193607
0.0,0,0.24876209
1.0,0,0.12114483
1.0,1,0.85327727
0.0,1,0.86565876
0.0,0,0.13717695
1.0,1,0.77804905
1.0,1,0.9117041
1.0,1,0.75915116
0.0,0,0.11514561
1.0,1,0.9260046
1.0,0,0.12211248
1.0,1,0.921941
0.0,0,0.058175612
0.0,1,0.6834496
1.0,1,0.8456356
1.0,1,0.89704406
1.0,0,0.30051705
0.0,0,0.10236498
1.0,1,0.8788334
1.0,1,0.8950893
1.0,1,0.8626561
0.0,0,0.0901757
0.0,0,0.095170446
0.0,1,0.68511415
1.0,1,0.89423484
1.0,1,0.77034295
1.0,1,0.8189991
0.0,0,0.1984496
0.0,0,0.058651693
1.0,1,0.7401534
1.0,1,0.67876136
1.0,1,0.7788911
0.0,0,0.0641245
1.0,1,0.55020595
1.0,0,0.2535159
0.0,1,0.7320587
1.0,1,0.8102183
0.0,1,0.90811926
1.0,1,0.90149194
1.0,0,0.21927801
0.0,0,0.06178037
1.0,1,0.8286199
1.0,1,0.882002
1.0,1,0.92709464
0.0,1,0.91322947
1.0,0,0.38713863
0.0,0,0.34389412
0.0,1,0.58684486
1.0,1,0.81511694
0.0,1,0.7769558
1.0,1,0.92037004
0.0,0,0.17231178
1.0,1,0.9279406
1.0,1,0.59456986
0.0,0,0.3014935
0.0,1,0.87160534
0.0,0,0.16943946
1.0,1,0.86932164
1.0,1,0.8687382
0.0,0,0.19281727
0.0,0,0.2805859
0.0,0,0.065596774
1.0,1,0.8191826
0.0,1,0.7799417
1.0,1,0.9056028
1.0,1,0.57947564
1.0,0,0.10595221
1.0,1,0.89485186
0.0,0,0.4789866
1.0,1,0.8818685
0.0,1,0.6022587
0.0,1,0.882998
1.0,1,0.80927134
1.0,1,0.53921336
1.0,1,0.7109497
0.0,0,0.36417782
1.0,1,0.828618
1.0,1,0.5726224
0.0,0,0.2516338
0.0,0,0.21189004
0.0,0,0.08208801
0.0,0,0.37404424
0.0,1,0.55434185
1.0,1,0.6855002
1.0,1,0.8107498
1.0,1,0.6843879
1.0,1,0.832038
0.0,1,0.58197796
1.0,1,0.5936804
0.0,0,0.26908034
1.0,1,0.8586676
0.0,0,0.06277634
1.0,1,0.570817
0.0,1,0.79530615
1.0,1,0.7638279
1.0,0,0.38222438
0.0,0,0.06922873
1.0,0,0.06050586
1.0,1,0.63118017
0.0,1,0.5926154
0.0,1,0.89653826
1.0,1,0.73401064
1.0,1,0.73396945
1.0,1,0.86991704
1.0,1,0.87656724
1.0,1,0.87687695
1.0,1,0.7409614
0.0,0,0.07996619
0.0,0,0.3156498
1.0,1,0.76310647
1.0,1,0.7608573
0.0,1,0.91181016
1.0,1,0.8972428
1.0,1,0.91883975
0.0,0,0.13405716
1.0,1,0.769519
1.0,1,0.859896
1.0,1,0.9189878
1.0,1,0.83147514
0.0,1,0.71078384
1.0,0,0.054250915
1.0,1,0.77736
0.0,0,0.0748219
1.0,1,0.85831153
1.0,1,0.8712111
0.0,0,0.053072125
0.0,1,0.72873753
1.0,1,0.92136335
1.0,1,0.8371486
1.0,1,0.86097974
1.0,1,0.5577503
0.0,0,0.45970294
1.0,1,0.8834119
1.0,1,0.8867739
1.0,1,0.8754178
1.0,0,0.44820058
0.0,0,0.23191826
0.0,0,0.07507214
1.0,1,0.8414981
1.0,1,0.77667296
1.0,1,0.73401266
1.0,0,0.066756636
1.0,1,0.90930396
0.0,0,0.07269601
1.0,1,0.92618793
0.0,0,0.19053869
0.0,0,0.21448785
0.0,1,0.5189807
1.0,1,0.81515425
1.0,0,0.39649335
1.0,1,0.87423086
1.0,0,0.47677273
0.0,0,0.098832116
0.0,0,0.47413483
1.0,0,0.38395968
0.0,0,0.22417776
0.0,0,0.06370706
1.0,1,0.7444209
1.0,1,0.8287916
0.0,0,0.05415194
1.0,1,0.80933005
1.0,1,0.78276306
0.0,1,0.76358587
1.0,1,0.68385094
1.0,1,0.76413804
1.0,1,0.6767594
1.0,1,0.7615763
0.0,1,0.7301144
1.0,0,0.45402473
1.0,1,0.6957856
1.0,1,0.7259663
0.0,1,0.5869544
0.0,0,0.10187615
0.0,0,0.112417735
1.0,0,0.30813
1.0,1,0.9082407
1.0,1,0.77381086
